symbol,type,entry_time,exit_time,entry_price,exit_price,stop_loss,take_profit,lot_size,profit,exit_reason,session,day_of_week,hour,month,duration_min,r_multiple,rr_ratio_used,risk_amount,balance_after,atr_at_entry,sl_distance_pts,sl_distance_pct
SP500.,SHORT,2025-07-14 08:35:00,2025-07-14 08:50:00,6233.35,6225.719999999999,6235.530000000001,6225.719999999999,124.9,952.99,TP,EUROPE,0,8,2025-07,15.0,1.906,3.5,500.0,10952.99,1.09,2.18,0.00035
NAS100.,SHORT,2025-07-14 08:35:00,2025-07-14 09:00:00,22697.7,22658.449999999997,22708.914285714287,22658.449999999997,44.5,1746.63,TP,EUROPE,0,8,2025-07,25.0,3.493,3.5,500.0,12699.61,5.6071,11.21,0.00049
DJ30.,SHORT,2025-07-14 08:50:00,2025-07-14 09:35:00,44142.45,44166.59285714285,44166.59285714285,44057.950000000004,20.7,-499.76,SL,EUROPE,0,8,2025-07,45.0,-1.0,3.5,500.0,12199.85,12.0714,24.14,0.00055
NAS100.,LONG,2025-07-14 11:05:00,2025-07-14 16:30:00,22711.2,22810.700000000004,22682.77142857143,22810.700000000004,21.4,2129.3,TP,EUROPE,0,11,2025-07,325.0,3.491,3.5,609.99,14329.15,14.2143,28.43,0.00125
DJ30.,LONG,2025-07-14 11:00:00,2025-07-14 16:35:00,44207.45,44381.950000000004,44157.59285714285,44381.950000000004,12.2,2128.9,TP,EUROPE,0,11,2025-07,335.0,3.49,3.5,609.99,16458.05,24.9286,49.86,0.00113
SP500.,LONG,2025-07-14 11:00:00,2025-07-14 17:00:00,6236.6,6252.05,6230.315714285714,6258.595000000001,97.0,1498.65,TIME,EUROPE,0,11,2025-07,360.0,2.457,3.5,609.99,17956.7,3.1421,6.28,0.00101
DJ30.,SHORT,2025-07-15 11:00:00,2025-07-15 13:30:00,44434.45,44485.235714285714,44485.235714285714,44256.69999999998,17.6,-893.83,SL,EUROPE,1,11,2025-07,150.0,-0.996,3.5,897.84,17062.88,20.3929,50.79,0.00114
NAS100.,LONG,2025-07-17 08:00:00,2025-07-17 08:45:00,22896.76,22933.235,22886.33857142857,22933.235,81.8,2983.66,TP,EUROPE,3,8,2025-07,45.0,3.497,3.5,853.14,20046.53,4.9607,10.42,0.00046
DJ30.,SHORT,2025-07-17 11:30:00,2025-07-17 12:15:00,44202.5,44244.142857142855,44244.142857142855,44056.75000000001,24.0,-999.43,SL,EUROPE,3,11,2025-07,45.0,-0.997,3.5,1002.33,19047.1,21.0714,41.64,0.00094
DJ30.,LONG,2025-07-17 12:30:00,2025-07-17 12:55:00,44258.5,44226.0,44226.0,44372.25,29.3,-952.25,SL,EUROPE,3,12,2025-07,25.0,-1.0,3.5,952.36,18094.85,16.5,32.5,0.00073
NAS100.,SHORT,2025-07-17 12:40:00,2025-07-17 15:50:00,22963.76,22982.18857142857,22982.18857142857,22899.259999999995,51.6,-950.91,SL,EUROPE,3,12,2025-07,190.0,-0.998,3.5,952.36,17143.94,9.3393,18.43,0.0008
SP500.,SHORT,2025-07-18 10:30:00,2025-07-18 16:00:00,6309.25,6312.802857142857,6312.802857142857,6296.815000000001,124.9,-443.75,SL,EUROPE,4,10,2025-07,330.0,-0.518,3.5,857.2,16700.19,1.9014,3.55,0.00056
NAS100.,SHORT,2025-07-18 10:25:00,2025-07-18 16:25:00,23124.36,23140.25285714286,23140.25285714286,23068.734999999993,53.9,-856.63,SL,EUROPE,4,10,2025-07,360.0,-0.999,3.5,857.2,15843.56,8.0714,15.89,0.00069
NAS100.,LONG,2025-07-22 10:10:00,2025-07-22 10:50:00,23193.74,23177.847142857143,23177.847142857143,23249.365000000005,49.8,-791.46,SL,EUROPE,1,10,2025-07,40.0,-0.999,3.5,792.18,15052.1,8.0714,15.89,0.00069
SP500.,LONG,2025-07-22 10:15:00,2025-07-22 10:50:00,6311.6,6308.687142857143,6308.687142857143,6321.795000000001,124.9,-363.82,SL,EUROPE,1,10,2025-07,35.0,-0.459,3.5,792.18,14688.28,1.5814,2.91,0.00046
NAS100.,SHORT,2025-07-22 11:30:00,2025-07-22 14:05:00,23149.99,23177.597142857143,23177.597142857143,23053.365000000005,26.6,-734.35,SL,EUROPE,1,11,2025-07,155.0,-1.0,3.5,734.41,13953.93,13.6786,27.61,0.00119
SP500.,SHORT,2025-07-22 11:35:00,2025-07-22 14:40:00,6304.22,6309.4342857142865,6309.4342857142865,6285.969999999998,124.9,-651.26,SL,EUROPE,1,11,2025-07,185.0,-0.887,3.5,734.41,13302.67,2.6671,5.21,0.00083
DJ30.,SHORT,2025-07-22 11:35:00,2025-07-22 16:35:00,44368.51,44406.15285714286,44406.15285714286,44236.76000000001,19.5,-734.04,SL,EUROPE,1,11,2025-07,300.0,-0.999,3.5,734.41,12568.63,19.0714,37.64,0.00085
DJ30.,LONG,2025-07-24 12:35:00,2025-07-24 13:20:00,44900.01,44875.82428571429,44875.82428571429,44984.65999999999,25.9,-626.41,SL,EUROPE,3,12,2025-07,45.0,-0.997,3.5,628.43,11942.22,12.3429,24.19,0.00054
NAS100.,LONG,2025-07-24 11:45:00,2025-07-24 13:30:00,23252.64,23233.49714285714,23233.49714285714,23319.640000000007,32.8,-627.89,SL,EUROPE,3,11,2025-07,105.0,-0.999,3.5,628.43,11314.34,9.6964,19.14,0.00082
DJ30.,LONG,2025-07-25 12:35:00,2025-07-25 13:05:00,44787.01,44764.36714285715,44764.36714285715,44866.259999999995,24.9,-563.81,SL,EUROPE,4,12,2025-07,30.0,-0.997,3.5,565.72,10750.53,11.0714,22.64,0.00051
NAS100.,SHORT,2025-07-28 10:30:00,2025-07-28 10:55:00,23416.2,23430.95,23430.95,23364.575,36.4,-536.9,SL,EUROPE,0,10,2025-07,25.0,-0.999,3.5,537.53,10213.63,7.5,14.75,0.00063
SP500.,SHORT,2025-07-28 10:15:00,2025-07-28 13:40:00,6417.6,6405.419999999998,6421.080000000001,6405.419999999998,124.9,1521.28,TP,EUROPE,0,10,2025-07,205.0,2.83,3.5,537.53,11734.91,1.74,3.48,0.00054
DJ30.,SHORT,2025-07-28 10:05:00,2025-07-28 13:45:00,45082.95,44956.7,45119.021428571425,44956.7,14.9,1881.12,TP,EUROPE,0,10,2025-07,220.0,3.5,3.5,537.53,13616.04,17.5357,36.07,0.0008
DJ30.,SHORT,2025-07-29 10:05:00,2025-07-29 10:45:00,44896.51,44924.08142857143,44924.08142857143,44800.01000000001,24.6,-678.26,SL,EUROPE,1,10,2025-07,40.0,-0.996,3.5,680.8,12937.78,13.2857,27.57,0.00061
DJ30.,LONG,2025-07-29 11:25:00,2025-07-29 12:55:00,44936.01,44899.29571428572,44899.29571428572,45064.509999999995,17.6,-646.17,SL,EUROPE,1,11,2025-07,90.0,-0.999,3.5,646.89,12291.61,17.8571,36.71,0.00082
NAS100.,SHORT,2025-07-31 12:35:00,2025-07-31 15:30:00,23668.49,23688.775714285715,23688.775714285715,23597.490000000005,30.2,-612.63,SL,EUROPE,3,12,2025-07,175.0,-0.997,3.5,614.58,11678.98,10.2679,20.29,0.00086
DJ30.,LONG,2025-08-05 08:10:00,2025-08-05 10:05:00,44261.55,44313.04999999999,44246.83571428572,44313.04999999999,39.6,2039.4,TP,EUROPE,1,8,2025-08,115.0,3.492,3.5,583.95,13718.38,7.8571,14.71,0.00033
SP500.,LONG,2025-08-05 08:00:00,2025-08-05 10:35:00,6345.53,6342.744285714285,6342.744285714285,6355.280000000001,124.9,-347.94,SL,EUROPE,1,8,2025-08,155.0,-0.596,3.5,583.95,13370.44,1.2679,2.79,0.00044
DJ30.,LONG,2025-08-08 10:45:00,2025-08-08 11:45:00,44052.55,44024.478571428575,44024.478571428575,44150.8,23.8,-668.1,SL,EUROPE,4,10,2025-08,60.0,-0.999,3.5,668.52,12702.34,14.5357,28.07,0.00064
SP500.,LONG,2025-08-08 10:50:00,2025-08-08 16:45:00,6356.81,6371.504999999999,6352.611428571429,6371.504999999999,124.9,1835.41,TP,EUROPE,4,10,2025-08,355.0,2.745,3.5,668.52,14537.75,2.1593,4.2,0.00066
NAS100.,LONG,2025-08-11 10:10:00,2025-08-11 10:30:00,23662.3,23647.514285714286,23647.514285714286,23714.049999999996,49.1,-725.98,SL,EUROPE,0,10,2025-08,20.0,-0.999,3.5,726.89,13811.77,7.3929,14.79,0.00062
DJ30.,LONG,2025-08-11 12:40:00,2025-08-11 15:30:00,44294.45,44273.59285714285,44273.59285714285,44367.450000000004,33.1,-690.37,SL,EUROPE,0,12,2025-08,170.0,-1.0,3.5,690.59,13121.4,10.9286,20.86,0.00047
NAS100.,LONG,2025-08-12 10:10:00,2025-08-12 10:30:00,23581.81,23556.06,23556.06,23671.935,25.4,-654.05,SL,EUROPE,1,10,2025-08,20.0,-0.997,3.5,656.07,12467.35,12.75,25.75,0.00109
DJ30.,SHORT,2025-08-12 12:20:00,2025-08-12 14:10:00,44043.92,43969.16999999999,44065.27714285714,43969.16999999999,29.1,2175.23,TP,EUROPE,1,12,2025-08,110.0,3.489,3.5,623.37,14642.57,10.9286,21.36,0.00048
SP500.,SHORT,2025-08-12 12:10:00,2025-08-12 14:50:00,6382.82,6372.160000000001,6385.865714285714,6372.160000000001,124.9,1331.43,TP,EUROPE,1,12,2025-08,160.0,2.136,3.5,623.37,15974.01,1.6479,3.05,0.00048
NAS100.,SHORT,2025-08-12 12:25:00,2025-08-12 15:20:00,23559.56,23575.63142857143,23575.63142857143,23503.310000000005,38.7,-621.96,SL,EUROPE,1,12,2025-08,175.0,-0.998,3.5,623.37,15352.04,7.9107,16.07,0.00068
DJ30.,LONG,2025-08-14 11:00:00,2025-08-14 13:50:00,44968.42,44936.13428571428,44936.13428571428,45081.42000000001,23.7,-765.17,SL,EUROPE,3,11,2025-08,170.0,-0.997,3.5,767.6,14586.87,15.8929,32.29,0.00072
NAS100.,LONG,2025-08-14 10:55:00,2025-08-14 15:30:00,23851.41,23833.874285714286,23833.874285714286,23912.784999999996,43.7,-766.31,SL,EUROPE,3,10,2025-08,275.0,-0.998,3.5,767.6,13820.56,8.6429,17.54,0.00074
NAS100.,SHORT,2025-08-15 11:25:00,2025-08-15 11:50:00,23850.41,23793.160000000003,23866.76714285714,23793.160000000003,42.2,2415.95,TP,EUROPE,4,11,2025-08,25.0,3.496,3.5,691.03,16236.51,8.3036,16.36,0.00069
SP500.,LONG,2025-08-19 10:15:00,2025-08-19 10:30:00,6445.17,6442.652857142857,6442.652857142857,6453.9800000000005,124.9,-314.39,SL,EUROPE,1,10,2025-08,15.0,-0.387,3.5,811.83,15922.12,1.3836,2.52,0.00039
DJ30.,LONG,2025-08-19 11:00:00,2025-08-19 13:00:00,44910.99,44881.20428571428,44881.20428571428,45015.240000000005,26.7,-795.28,SL,EUROPE,1,11,2025-08,120.0,-0.999,3.5,796.11,15126.84,15.1429,29.79,0.00066
SP500.,SHORT,2025-08-21 08:10:00,2025-08-21 08:55:00,6394.38,6397.702857142857,6397.702857142857,6382.75,124.9,-415.02,SL,EUROPE,3,8,2025-08,45.0,-0.549,3.5,756.34,14711.82,1.7214,3.32,0.00052
DJ30.,SHORT,2025-08-21 08:00:00,2025-08-21 09:10:00,44918.46,44939.93142857143,44939.93142857143,44843.31,35.2,-755.79,SL,EUROPE,3,8,2025-08,70.0,-0.999,3.5,756.34,13956.02,9.7357,21.47,0.00048
NAS100.,SHORT,2025-08-21 08:15:00,2025-08-21 09:10:00,23267.52,23285.141428571427,23285.141428571427,23205.84500000001,42.9,-755.96,SL,EUROPE,3,8,2025-08,55.0,-0.999,3.5,756.34,13200.06,8.9357,17.62,0.00076
SP500.,SHORT,2025-08-21 11:45:00,2025-08-21 15:15:00,6393.89,6372.115000000002,6400.111428571428,6372.115000000002,106.0,2308.15,TP,EUROPE,3,11,2025-08,210.0,3.497,3.5,660.0,15508.21,2.9907,6.22,0.00097
NAS100.,SHORT,2025-08-21 11:50:00,2025-08-21 15:50:00,23256.77,23153.395000000004,23286.305714285714,23153.395000000004,22.3,2305.26,TP,EUROPE,3,11,2025-08,240.0,3.493,3.5,660.0,17813.48,14.5179,29.54,0.00127
NAS100.,LONG,2025-08-22 08:00:00,2025-08-22 08:05:00,23145.77,23134.155714285716,23134.155714285716,23186.419999999995,76.6,-889.65,SL,EUROPE,4,8,2025-08,5.0,-0.999,3.5,890.67,16923.82,5.6821,11.61,0.0005
NAS100.,LONG,2025-08-22 11:10:00,2025-08-22 16:30:00,23169.77,23143.784285714286,23143.784285714286,23260.72,32.5,-844.54,SL,EUROPE,4,11,2025-08,320.0,-0.998,3.5,846.19,16079.29,12.8679,25.99,0.00112
SP500.,LONG,2025-08-22 11:00:00,2025-08-22 16:30:00,6376.26,6394.4400000000005,6371.065714285714,6394.4400000000005,124.9,2270.68,TP,EUROPE,4,11,2025-08,330.0,2.683,3.5,846.19,18349.97,2.7221,5.19,0.00081
NAS100.,SHORT,2025-08-25 10:00:00,2025-08-25 13:30:00,23465.05,23404.300000000003,23482.40714285714,23404.300000000003,52.8,3207.6,TP,EUROPE,0,10,2025-08,210.0,3.496,3.5,917.5,21557.57,8.3036,17.36,0.00074
SP500.,SHORT,2025-08-25 10:05:00,2025-08-25 13:30:00,6463.45,6451.455,6466.877142857143,6451.455,124.9,1498.18,TP,EUROPE,0,10,2025-08,205.0,1.633,3.5,917.5,23055.74,1.7136,3.43,0.00053
DJ30.,SHORT,2025-08-25 10:20:00,2025-08-25 15:30:00,45606.45,45513.45,45633.021428571425,45513.45,34.5,3208.5,TP,EUROPE,0,10,2025-08,310.0,3.497,3.5,917.5,26264.24,13.2857,26.57,0.00058
DJ30.,LONG,2025-08-26 08:20:00,2025-08-26 09:25:00,45268.49,45246.23285714286,45246.23285714286,45346.389999999985,59.0,-1313.17,SL,EUROPE,1,8,2025-08,65.0,-1.0,3.5,1313.21,24951.07,12.1286,22.26,0.00049
DJ30.,SHORT,2025-08-26 10:05:00,2025-08-26 10:30:00,45177.49,45226.647142857146,45226.647142857146,45005.43999999998,25.3,-1243.68,SL,EUROPE,1,10,2025-08,25.0,-0.997,3.5,1247.55,23707.4,24.2286,49.16,0.00109
NAS100.,SHORT,2025-08-26 10:10:00,2025-08-26 10:35:00,23378.75,23404.935714285715,23404.935714285715,23287.1,47.6,-1246.44,SL,EUROPE,1,10,2025-08,25.0,-0.999,3.5,1247.55,22460.96,13.4679,26.19,0.00112
SP500.,SHORT,2025-08-26 10:05:00,2025-08-26 10:35:00,6429.91,6436.16,6436.16,6408.035,124.9,-780.62,SL,EUROPE,1,10,2025-08,30.0,-0.626,3.5,1247.55,21680.33,3.0,6.25,0.00097
DJ30.,LONG,2025-08-26 12:55:00,2025-08-26 14:30:00,45249.99,45220.204285714295,45220.204285714295,45354.23999999996,36.3,-1081.22,SL,EUROPE,1,12,2025-08,95.0,-0.997,3.5,1084.02,20599.11,13.9929,29.79,0.00066
NAS100.,LONG,2025-08-26 12:15:00,2025-08-26 14:30:00,23423.0,23402.571428571428,23402.571428571428,23494.500000000004,53.0,-1082.71,SL,EUROPE,1,12,2025-08,135.0,-0.999,3.5,1084.02,19516.39,10.4643,20.43,0.00087
SP500.,LONG,2025-08-26 12:30:00,2025-08-26 14:30:00,6439.41,6434.731428571428,6434.731428571428,6455.785,124.9,-584.35,SL,EUROPE,1,12,2025-08,120.0,-0.539,3.5,1084.02,18932.04,2.2143,4.68,0.00073
NAS100.,SHORT,2025-08-28 08:45:00,2025-08-28 09:15:00,23499.4,23513.47142857143,23513.47142857143,23450.150000000005,67.2,-945.6,SL,EUROPE,3,8,2025-08,30.0,-0.999,3.5,946.6,17986.44,6.6607,14.07,0.0006
DJ30.,SHORT,2025-08-28 08:45:00,2025-08-28 09:20:00,45657.49,45680.63285714285,45680.63285714285,45576.490000000005,40.9,-946.54,SL,EUROPE,3,8,2025-08,35.0,-1.0,3.5,946.6,17039.9,11.0714,23.14,0.00051
SP500.,SHORT,2025-08-28 08:40:00,2025-08-28 09:20:00,6477.24,6480.0371428571425,6480.0371428571425,6467.450000000001,124.9,-349.36,SL,EUROPE,3,8,2025-08,40.0,-0.369,3.5,946.6,16690.54,1.3386,2.8,0.00043
DJ30.,SHORT,2025-08-28 12:35:00,2025-08-28 16:30:00,45697.99,45622.44,45719.57571428571,45622.44,38.6,2916.23,TP,EUROPE,3,12,2025-08,235.0,3.494,3.5,834.53,19606.77,10.5429,21.59,0.00047
DJ30.,LONG,2025-09-01 10:25:00,2025-09-01 14:45:00,45597.15,45553.55,45553.55,45749.75,22.4,-976.64,SL,EUROPE,0,10,2025-09,260.0,-0.996,3.5,980.34,18630.13,21.8,43.6,0.00096
NAS100.,LONG,2025-09-01 10:15:00,2025-09-01 16:15:00,23418.55,23441.8,23380.40714285714,23552.050000000003,25.7,597.52,TIME,EUROPE,0,10,2025-09,360.0,0.61,3.5,980.34,19227.65,18.6964,38.14,0.00163
SP500.,LONG,2025-09-01 10:15:00,2025-09-01 16:15:00,6465.25,6467.7,6458.552857142858,6488.689999999999,124.9,306.0,TIME,EUROPE,0,10,2025-09,360.0,0.312,3.5,980.34,19533.66,3.3486,6.7,0.00104
SP500.,LONG,2025-09-04 08:05:00,2025-09-04 08:20:00,6462.52,6459.870000000001,6459.870000000001,6471.794999999999,124.9,-330.98,SL,EUROPE,3,8,2025-09,15.0,-0.339,3.5,976.68,19202.67,1.45,2.65,0.00041
DJ30.,SHORT,2025-09-04 10:20:00,2025-09-04 10:35:00,45246.46,45288.10285714286,45288.10285714286,45100.70999999998,23.0,-957.79,SL,EUROPE,3,10,2025-09,15.0,-0.998,3.5,960.13,18244.88,20.9714,41.64,0.00092
DJ30.,SHORT,2025-09-09 08:25:00,2025-09-09 08:45:00,45582.43,45598.00142857143,45598.00142857143,45527.93000000001,58.5,-910.93,SL,EUROPE,1,8,2025-09,20.0,-0.999,3.5,912.24,17333.96,8.2857,15.57,0.00034
SP500.,SHORT,2025-09-09 08:35:00,2025-09-09 08:50:00,6508.95,6511.5599999999995,6511.5599999999995,6499.8150000000005,124.9,-325.99,SL,EUROPE,1,8,2025-09,15.0,-0.357,3.5,912.24,17007.97,1.305,2.61,0.0004
DJ30.,SHORT,2025-09-09 11:30:00,2025-09-09 14:15:00,45595.93,45632.27285714286,45632.27285714286,45468.729999999996,23.3,-846.79,SL,EUROPE,1,11,2025-09,165.0,-0.996,3.5,850.4,16161.18,18.1714,36.34,0.0008
NAS100.,SHORT,2025-09-09 12:55:00,2025-09-09 17:00:00,23835.25,23779.000000000004,23851.321428571428,23779.000000000004,52.9,2975.62,TP,EUROPE,1,12,2025-09,245.0,3.499,3.5,850.4,19136.8,8.0357,16.07,0.00067
SP500.,SHORT,2025-09-09 11:50:00,2025-09-09 17:30:00,6510.8,6493.730000000001,6515.677142857143,6493.730000000001,124.9,2132.04,TP,EUROPE,1,11,2025-09,340.0,2.507,3.5,850.4,21268.85,2.2536,4.88,0.00075
NAS100.,SHORT,2025-09-12 10:45:00,2025-09-12 14:45:00,24016.35,24032.742857142857,24032.742857142857,23958.97499999999,64.8,-1062.26,SL,EUROPE,4,10,2025-09,240.0,-0.999,3.5,1063.44,20206.59,8.0714,16.39,0.00068
NAS100.,SHORT,2025-09-15 11:10:00,2025-09-15 14:05:00,24127.2,24157.52142857143,24157.52142857143,24021.075000000004,33.3,-1009.7,SL,EUROPE,0,11,2025-09,175.0,-0.999,3.5,1010.33,19196.89,15.1607,30.32,0.00126
DJ30.,SHORT,2025-09-16 12:30:00,2025-09-16 16:30:00,45942.78,45966.851428571434,45966.851428571434,45858.52999999998,39.8,-958.04,SL,EUROPE,1,12,2025-09,240.0,-0.998,3.5,959.84,18238.84,12.1357,24.07,0.00052
DJ30.,LONG,2025-09-18 10:05:00,2025-09-18 11:45:00,46224.08,46346.729999999996,46189.037142857145,46346.729999999996,26.0,3188.9,TP,EUROPE,3,10,2025-09,100.0,3.497,3.5,911.94,21427.74,18.0214,35.04,0.00076
SP500.,LONG,2025-09-18 10:35:00,2025-09-18 11:45:00,6637.86,6658.714999999999,6631.901428571428,6658.714999999999,124.9,2604.79,TP,EUROPE,3,10,2025-09,70.0,2.856,3.5,911.94,24032.53,2.9193,5.96,0.0009
NAS100.,LONG,2025-09-18 10:50:00,2025-09-18 15:25:00,24443.73,24531.855000000003,24418.551428571427,24531.855000000003,36.2,3190.13,TP,EUROPE,3,10,2025-09,275.0,3.498,3.5,911.94,27222.66,12.7143,25.18,0.00103
SP500.,LONG,2025-09-19 11:45:00,2025-09-19 15:25:00,6640.14,6652.884999999998,6636.498571428572,6652.884999999998,124.9,1591.85,TP,EUROPE,4,11,2025-09,220.0,1.17,3.5,1361.13,28814.51,1.9457,3.64,0.00055
NAS100.,LONG,2025-09-19 11:50:00,2025-09-19 16:15:00,24485.83,24545.704999999994,24468.72285714286,24545.704999999994,79.5,4760.06,TP,EUROPE,4,11,2025-09,265.0,3.497,3.5,1361.13,33574.57,8.6786,17.11,0.0007
DJ30.,LONG,2025-09-19 11:40:00,2025-09-19 16:20:00,46205.58,46336.979999999996,46168.037142857145,46336.979999999996,36.2,4756.68,TP,EUROPE,4,11,2025-09,280.0,3.495,3.5,1361.13,38331.25,18.2714,37.54,0.00081
NAS100.,SHORT,2025-09-22 08:50:00,2025-09-22 10:05:00,24629.85,24594.85,24639.85,24594.85,124.9,4371.5,TP,EUROPE,0,8,2025-09,75.0,2.281,3.5,1916.56,42702.75,5.25,10.0,0.00041
SP500.,LONG,2025-09-23 10:45:00,2025-09-23 13:40:00,6700.49,6696.227142857143,6696.227142857143,6715.409999999998,124.9,-532.43,SL,EUROPE,1,10,2025-09,175.0,-0.249,3.5,2135.14,42170.32,2.1964,4.26,0.00064
NAS100.,LONG,2025-09-23 10:40:00,2025-09-23 14:05:00,24789.59,24770.23285714286,24770.23285714286,24857.339999999997,110.3,-2135.09,SL,EUROPE,1,10,2025-09,205.0,-1.0,3.5,2135.14,40035.23,9.5536,19.36,0.00078
DJ30.,SHORT,2025-09-25 08:00:00,2025-09-25 09:40:00,46219.45,46168.47499999999,46234.014285714286,46168.47499999999,124.9,6366.78,TP,EUROPE,3,8,2025-09,100.0,3.181,3.5,2001.76,46402.0,7.7821,14.56,0.00032
NAS100.,LONG,2025-09-25 11:35:00,2025-09-25 11:45:00,24545.39,24526.382857142857,24526.382857142857,24611.915,122.0,-2318.87,SL,EUROPE,3,11,2025-09,10.0,-0.999,3.5,2320.1,44083.13,9.5036,19.01,0.00077
DJ30.,LONG,2025-09-25 12:20:00,2025-09-25 13:45:00,46203.15,46172.12142857142,46172.12142857142,46311.75000000003,71.0,-2203.03,SL,EUROPE,3,12,2025-09,85.0,-0.999,3.5,2204.16,41880.1,15.1643,31.03,0.00067
NAS100.,SHORT,2025-09-26 11:55:00,2025-09-26 12:10:00,24381.64,24409.14,24409.14,24285.39,76.1,-2092.75,SL,EUROPE,4,11,2025-09,15.0,-0.999,3.5,2094.01,39787.35,13.75,27.5,0.00113
SP500.,SHORT,2025-09-26 12:05:00,2025-09-26 14:50:00,6613.92,6620.08,6620.08,6592.360000000001,124.9,-769.38,SL,EUROPE,4,12,2025-09,165.0,-0.367,3.5,2094.01,39017.97,2.955,6.16,0.00093
DJ30.,SHORT,2025-09-26 12:55:00,2025-09-26 15:05:00,46078.45,46111.12142857142,46111.12142857142,45964.100000000006,60.8,-1986.42,SL,EUROPE,4,12,2025-09,130.0,-0.999,3.5,1989.37,37031.55,16.5857,32.67,0.00071
DJ30.,LONG,2025-10-02 08:50:00,2025-10-02 09:00:00,46498.54,46476.54,46476.54,46575.54,84.1,-1850.2,SL,EUROPE,3,8,2025-10,10.0,-0.999,3.5,1851.58,35181.35,11.5,22.0,0.00047
SP500.,LONG,2025-10-02 08:00:00,2025-10-02 09:05:00,6726.65,6723.057142857143,6723.057142857143,6739.2249999999985,124.9,-448.75,SL,EUROPE,3,8,2025-10,65.0,-0.242,3.5,1851.58,34732.6,1.8564,3.59,0.00053
DJ30.,LONG,2025-10-02 12:10:00,2025-10-02 12:30:00,46478.54,46452.25428571428,46452.25428571428,46570.54000000001,66.0,-1734.86,SL,EUROPE,3,12,2025-10,20.0,-0.999,3.5,1736.63,32997.74,13.6429,26.29,0.00057
SP500.,LONG,2025-10-02 11:00:00,2025-10-02 12:35:00,6729.02,6723.318571428572,6723.318571428572,6748.975,124.9,-712.11,SL,EUROPE,3,11,2025-10,95.0,-0.41,3.5,1736.63,32285.63,2.7857,5.7,0.00085
NAS100.,SHORT,2025-10-03 11:40:00,2025-10-03 12:55:00,24988.74,25003.63285714286,25003.63285714286,24936.614999999998,108.3,-1612.9,SL,EUROPE,4,11,2025-10,75.0,-0.999,3.5,1614.28,30672.74,7.0714,14.89,0.0006
NAS100.,LONG,2025-10-03 12:50:00,2025-10-03 13:30:00,24996.99,24985.275714285715,24985.275714285715,25037.990000000005,124.9,-1463.11,SL,EUROPE,4,12,2025-10,40.0,-0.906,3.5,1614.28,29209.62,5.8571,11.71,0.00047
SP500.,LONG,2025-10-06 12:20:00,2025-10-06 14:20:00,6744.8,6741.355714285714,6741.355714285714,6756.8550000000005,124.9,-430.19,SL,EUROPE,0,12,2025-10,120.0,-0.295,3.5,1460.48,28779.43,1.7221,3.44,0.00051
DJ30.,LONG,2025-10-06 12:55:00,2025-10-06 14:30:00,46902.95,46880.95,46880.95,46979.95,66.3,-1458.6,SL,EUROPE,0,12,2025-10,95.0,-0.999,3.5,1460.48,27320.83,11.0,22.0,0.00047
DJ30.,LONG,2025-10-07 08:30:00,2025-10-07 08:55:00,46667.42,46653.13428571428,46653.13428571428,46717.42000000001,95.6,-1365.71,SL,EUROPE,1,8,2025-10,25.0,-1.0,3.5,1366.04,25955.12,7.6429,14.29,0.00031
DJ30.,LONG,2025-10-07 12:20:00,2025-10-07 13:15:00,46664.92,46744.86999999998,46642.077142857146,46744.86999999998,56.8,4541.16,TP,EUROPE,1,12,2025-10,55.0,3.499,3.5,1297.76,30496.28,11.6714,22.84,0.00049
NAS100.,LONG,2025-10-07 12:15:00,2025-10-07 15:55:00,25007.4,25077.050000000007,24987.5,25077.050000000007,65.2,4541.18,TP,EUROPE,1,12,2025-10,220.0,3.499,3.5,1297.76,35037.46,10.2,19.9,0.0008
SP500.,LONG,2025-10-07 12:15:00,2025-10-07 16:00:00,6744.6,6758.765000000003,6740.552857142857,6758.765000000003,124.9,1769.21,TP,EUROPE,1,12,2025-10,225.0,1.363,3.5,1297.76,36806.67,1.9636,4.05,0.0006
DJ30.,LONG,2025-10-09 08:40:00,2025-10-09 09:55:00,46666.42,46644.991428571426,46644.991428571426,46741.42,85.8,-1838.57,SL,EUROPE,3,8,2025-10,75.0,-0.999,3.5,1840.33,34968.09,11.2143,21.43,0.00046
DJ30.,SHORT,2025-10-09 11:40:00,2025-10-09 12:30:00,46655.92,46682.591428571424,46682.591428571424,46562.57000000001,65.5,-1746.98,SL,EUROPE,3,11,2025-10,50.0,-0.999,3.5,1748.4,33221.12,13.5857,26.67,0.00057
SP500.,SHORT,2025-10-09 11:05:00,2025-10-09 16:25:00,6762.3,6765.88,6765.88,6749.77,124.9,-447.14,SL,EUROPE,3,11,2025-10,320.0,-0.256,3.5,1748.4,32773.97,1.91,3.58,0.00053
NAS100.,SHORT,2025-10-09 10:40:00,2025-10-09 16:40:00,25165.5,25092.85,25186.257142857143,25092.85,84.2,6117.13,TP,EUROPE,3,10,2025-10,360.0,3.499,3.5,1748.4,38891.1,10.5036,20.76,0.00082
NAS100.,SHORT,2025-10-10 10:05:00,2025-10-10 11:35:00,25137.5,25165.964285714286,25165.964285714286,25037.875,68.3,-1944.11,SL,EUROPE,4,10,2025-10,90.0,-1.0,3.5,1944.56,36946.99,14.3571,28.46,0.00113
NAS100.,LONG,2025-10-10 11:30:00,2025-10-10 12:00:00,25158.0,25134.735714285714,25134.735714285714,25239.425,83.5,-1942.57,SL,EUROPE,4,11,2025-10,30.0,-0.999,3.5,1944.56,35004.43,11.7571,23.26,0.00092
SP500.,LONG,2025-10-10 11:10:00,2025-10-10 12:00:00,6748.58,6742.867142857142,6742.867142857142,6768.575000000001,124.9,-713.54,SL,EUROPE,4,11,2025-10,50.0,-0.367,3.5,1944.56,34290.89,2.9814,5.71,0.00085
DJ30.,SHORT,2025-10-10 12:10:00,2025-10-10 14:50:00,46430.12,46454.64857142857,46454.64857142857,46344.270000000004,69.8,-1712.09,SL,EUROPE,4,12,2025-10,160.0,-0.999,3.5,1714.54,32578.8,12.7643,24.53,0.00053
DJ30.,LONG,2025-10-13 08:25:00,2025-10-13 09:10:00,45942.45,45912.87857142857,45912.87857142857,46045.95,55.0,-1626.43,SL,EUROPE,0,8,2025-10,45.0,-0.998,3.5,1628.94,30952.37,14.7857,29.57,0.00064
NAS100.,LONG,2025-10-13 08:55:00,2025-10-13 09:10:00,24676.15,24651.22142857143,24651.22142857143,24763.400000000005,65.3,-1627.84,SL,EUROPE,0,8,2025-10,15.0,-0.999,3.5,1628.94,29324.53,12.5893,24.93,0.00101
SP500.,LONG,2025-10-13 08:40:00,2025-10-13 09:10:00,6643.45,6638.621428571429,6638.621428571429,6660.3499999999985,124.9,-603.09,SL,EUROPE,0,8,2025-10,30.0,-0.37,3.5,1628.94,28721.44,2.4143,4.83,0.00073
NAS100.,SHORT,2025-10-13 12:50:00,2025-10-13 13:30:00,24688.15,24718.364285714288,24718.364285714288,24582.4,47.5,-1435.18,SL,EUROPE,0,12,2025-10,40.0,-0.999,3.5,1436.07,27286.26,15.1071,30.21,0.00122
SP500.,SHORT,2025-10-13 12:35:00,2025-10-13 14:10:00,6645.65,6616.649999999998,6653.935714285714,6616.649999999998,124.9,3622.1,TP,EUROPE,0,12,2025-10,95.0,2.522,3.5,1436.07,30908.36,4.1429,8.29,0.00125
DJ30.,SHORT,2025-10-13 12:40:00,2025-10-13 16:30:00,45960.15,46005.67857142857,46005.67857142857,45800.8,31.5,-1434.15,SL,EUROPE,0,12,2025-10,230.0,-0.999,3.5,1436.07,29474.21,22.7643,45.53,0.00099
DJ30.,LONG,2025-10-14 12:40:00,2025-10-14 13:10:00,45909.58,45853.55142857143,45853.55142857143,46105.68,26.3,-1473.55,SL,EUROPE,1,12,2025-10,30.0,-1.0,3.5,1473.71,28000.66,28.5143,56.03,0.00122
DJ30.,LONG,2025-10-16 08:30:00,2025-10-16 08:50:00,46350.86,46321.14571428572,46321.14571428572,46454.859999999986,47.1,-1399.54,SL,EUROPE,3,8,2025-10,20.0,-1.0,3.5,1400.03,26601.12,14.3571,29.71,0.00064
SP500.,LONG,2025-10-16 08:10:00,2025-10-16 09:50:00,6678.48,6693.714999999998,6674.127142857143,6693.714999999998,124.9,1902.85,TP,EUROPE,3,8,2025-10,100.0,1.359,3.5,1400.03,28503.97,2.1164,4.35,0.00065
DJ30.,LONG,2025-10-23 10:05:00,2025-10-23 10:20:00,46605.99,46572.375714285714,46572.375714285714,46723.63999999999,42.3,-1421.88,SL,EUROPE,3,10,2025-10,15.0,-0.998,3.5,1425.2,27082.09,16.5571,33.61,0.00072
DJ30.,LONG,2025-10-23 10:45:00,2025-10-23 11:50:00,46599.49,46558.93285714286,46558.93285714286,46741.43999999997,33.3,-1350.55,SL,EUROPE,3,10,2025-10,65.0,-0.997,3.5,1354.1,25731.53,20.1286,40.56,0.00087
NAS100.,SHORT,2025-10-23 12:15:00,2025-10-23 15:00:00,24926.01,24829.984999999993,24953.445714285714,24829.984999999993,46.8,4493.97,TP,EUROPE,3,12,2025-10,165.0,3.493,3.5,1286.58,30225.5,13.8429,27.44,0.0011
SP500.,SHORT,2025-10-23 12:15:00,2025-10-23 16:30:00,6708.12,6713.8271428571425,6713.8271428571425,6688.145,124.9,-712.82,SL,EUROPE,3,12,2025-10,255.0,-0.554,3.5,1286.58,29512.68,2.7936,5.71,0.00085
DJ30.,SHORT,2025-10-24 11:00:00,2025-10-24 11:45:00,46790.99,46824.10428571428,46824.10428571428,46675.090000000004,44.5,-1473.59,SL,EUROPE,4,11,2025-10,45.0,-0.999,3.5,1475.63,28039.1,16.5571,33.11,0.00071
NAS100.,SHORT,2025-10-24 11:15:00,2025-10-24 11:45:00,25211.76,25233.724285714285,25233.724285714285,25134.884999999995,67.1,-1473.8,SL,EUROPE,4,11,2025-10,30.0,-0.999,3.5,1475.63,26565.29,11.1071,21.96,0.00087
SP500.,SHORT,2025-10-24 11:10:00,2025-10-24 11:45:00,6755.26,6760.407142857143,6760.407142857143,6737.244999999999,124.9,-642.88,SL,EUROPE,4,11,2025-10,35.0,-0.436,3.5,1475.63,25922.41,2.5086,5.15,0.00076
SP500.,LONG,2025-10-24 12:35:00,2025-10-24 13:00:00,6769.01,6764.747142857143,6764.747142857143,6783.9299999999985,124.9,-532.43,SL,EUROPE,4,12,2025-10,25.0,-0.411,3.5,1296.12,25389.98,2.0714,4.26,0.00063
NAS100.,LONG,2025-10-24 12:10:00,2025-10-24 15:30:00,25233.01,25297.635000000002,25214.545714285712,25297.635000000002,70.1,4530.21,TP,EUROPE,4,12,2025-10,200.0,3.495,3.5,1296.12,29920.2,9.3571,18.46,0.00073
SP500.,SHORT,2025-10-27 11:25:00,2025-10-27 12:35:00,6850.9,6855.185714285714,6855.185714285714,6835.899999999998,124.9,-535.29,SL,EUROPE,0,11,2025-10,70.0,-0.358,3.5,1496.01,29384.91,2.1429,4.29,0.00063
DJ30.,SHORT,2025-10-27 11:25:00,2025-10-27 16:30:00,47537.95,47565.12142857142,47565.12142857142,47442.850000000006,55.0,-1494.43,SL,EUROPE,0,11,2025-10,305.0,-0.999,3.5,1496.01,27890.48,13.8357,27.17,0.00057
DJ30.,SHORT,2025-10-28 10:10:00,2025-10-28 10:20:00,47576.1,47599.514285714286,47599.514285714286,47494.149999999994,59.5,-1393.15,SL,EUROPE,1,10,2025-10,10.0,-0.999,3.5,1394.52,26497.33,11.3071,23.41,0.00049
SP500.,SHORT,2025-10-28 10:50:00,2025-10-28 11:50:00,6876.98,6880.694285714285,6880.694285714285,6863.980000000001,124.9,-463.91,SL,EUROPE,1,10,2025-10,60.0,-0.35,3.5,1324.87,26033.42,1.9821,3.71,0.00054
DJ30.,LONG,2025-10-28 12:55:00,2025-10-28 13:45:00,47667.9,47636.014285714286,47636.014285714286,47779.50000000001,40.8,-1300.94,SL,EUROPE,1,12,2025-10,50.0,-0.999,3.5,1301.67,24732.48,15.5429,31.89,0.00067
NAS100.,LONG,2025-10-28 12:05:00,2025-10-28 16:00:00,25853.53,25918.28,25835.03,25918.28,70.3,4551.92,TP,EUROPE,1,12,2025-10,235.0,3.497,3.5,1301.67,29284.41,9.375,18.5,0.00072
SP500.,LONG,2025-10-28 12:05:00,2025-10-28 16:00:00,6879.86,6893.055000000001,6876.089999999999,6893.055000000001,124.9,1648.06,TP,EUROPE,1,12,2025-10,235.0,1.266,3.5,1301.67,30932.46,1.82,3.77,0.00055
SP500.,LONG,2025-10-28 12:55:00,2025-10-28 16:00:00,6881.1,6892.015000000003,6877.981428571428,6892.015000000003,124.9,1363.28,TP,EUROPE,1,12,2025-10,185.0,1.047,3.5,1301.67,32295.74,1.4993,3.12,0.00045
NAS100.,SHORT,2025-10-30 12:35:00,2025-10-30 14:15:00,26112.93,26154.494285714285,26154.494285714285,25967.455,38.8,-1612.69,SL,EUROPE,3,12,2025-10,100.0,-0.999,3.5,1614.79,30683.05,20.6571,41.56,0.00159
SP500.,LONG,2025-10-31 10:50:00,2025-10-31 11:10:00,6880.98,6876.125714285714,6876.125714285714,6897.969999999999,124.9,-606.3,SL,EUROPE,4,10,2025-10,20.0,-0.395,3.5,1534.15,30076.75,2.4271,4.85,0.00071
DJ30.,LONG,2025-10-31 10:50:00,2025-10-31 11:15:00,47625.9,47599.357142857145,47599.357142857145,47718.8,57.7,-1531.52,SL,EUROPE,4,10,2025-10,25.0,-0.998,3.5,1534.15,28545.23,13.2714,26.54,0.00056
DJ30.,SHORT,2025-10-31 12:55:00,2025-10-31 14:20:00,47576.2,47604.38571428571,47604.38571428571,47477.55,50.6,-1426.2,SL,EUROPE,4,12,2025-10,85.0,-0.999,3.5,1427.26,27119.03,13.0929,28.19,0.00059
DJ30.,LONG,2025-11-03 11:10:00,2025-11-03 14:10:00,47697.95,47655.521428571425,47655.521428571425,47846.45,31.9,-1353.47,SL,EUROPE,0,11,2025-11,180.0,-0.998,3.5,1355.95,25765.56,21.2143,42.43,0.00089
DJ30.,SHORT,2025-11-06 08:10:00,2025-11-06 10:00:00,47344.37,47254.37000000001,47370.084285714285,47254.37000000001,50.0,4500.0,TP,EUROPE,3,8,2025-11,110.0,3.493,3.5,1288.28,30265.56,12.8571,25.71,0.00054
SP500.,SHORT,2025-11-06 08:10:00,2025-11-06 10:15:00,6804.44,6787.334999999996,6809.327142857143,6787.334999999996,124.9,2136.41,TP,EUROPE,3,8,2025-11,125.0,1.658,3.5,1288.28,32401.97,2.5086,4.89,0.00072
NAS100.,SHORT,2025-11-06 08:10:00,2025-11-06 11:15:00,25619.51,25644.902857142857,25644.902857142857,25530.634999999995,50.7,-1287.42,SL,EUROPE,3,8,2025-11,185.0,-0.999,3.5,1288.28,31114.55,12.8214,25.39,0.00099
DJ30.,LONG,2025-11-06 11:40:00,2025-11-06 16:05:00,47355.07,47317.51285714286,47317.51285714286,47486.52,41.4,-1554.87,SL,EUROPE,3,11,2025-11,265.0,-0.999,3.5,1555.73,29559.69,18.4286,37.56,0.00079
NAS100.,LONG,2025-11-06 11:25:00,2025-11-06 16:05:00,25655.46,25621.63857142857,25621.63857142857,25773.834999999995,45.9,-1552.4,SL,EUROPE,3,11,2025-11,280.0,-0.998,3.5,1555.73,28007.29,16.9357,33.82,0.00132
SP500.,LONG,2025-11-06 11:30:00,2025-11-06 16:10:00,6808.04,6800.918571428571,6800.918571428571,6832.965,124.9,-889.47,SL,EUROPE,3,11,2025-11,280.0,-0.572,3.5,1555.73,27117.82,3.4357,7.12,0.00105
NAS100.,SHORT,2025-11-07 11:00:00,2025-11-07 13:10:00,25215.76,25077.609999999997,25255.231428571427,25077.609999999997,34.3,4738.55,TP,EUROPE,4,11,2025-11,130.0,3.495,3.5,1355.89,31856.36,19.7607,39.47,0.00157
SP500.,SHORT,2025-11-07 11:05:00,2025-11-07 13:10:00,6740.64,6711.844999999999,6748.867142857143,6711.844999999999,124.9,3596.5,TP,EUROPE,4,11,2025-11,125.0,2.652,3.5,1355.89,35452.86,4.1136,8.23,0.00122
DJ30.,LONG,2025-11-10 10:40:00,2025-11-10 16:30:00,47161.45,47294.14999999998,47123.53571428572,47294.14999999998,46.7,6197.09,TP,EUROPE,0,10,2025-11,350.0,3.496,3.5,1772.64,41649.95,19.3071,37.91,0.0008
SP500.,LONG,2025-11-10 10:30:00,2025-11-10 16:30:00,6794.82,6806.9,6788.301428571428,6817.635,124.9,1508.79,TIME,EUROPE,0,10,2025-11,360.0,0.851,3.5,1772.64,43158.74,3.2593,6.52,0.00096
DJ30.,LONG,2025-11-11 12:55:00,2025-11-11 16:30:00,47418.04,47505.09000000001,47393.16857142857,47505.09000000001,86.7,7547.24,TP,EUROPE,1,12,2025-11,215.0,3.497,3.5,2157.94,50705.98,11.8357,24.87,0.00052
NAS100.,SHORT,2025-11-13 10:00:00,2025-11-13 11:25:00,25615.13,25510.555000000008,25645.00857142857,25510.555000000008,84.8,8867.96,TP,EUROPE,3,10,2025-11,85.0,3.498,3.5,2535.3,59573.94,14.6643,29.88,0.00117
SP500.,SHORT,2025-11-13 10:05:00,2025-11-13 11:35:00,6870.74,6849.7249999999985,6876.744285714286,6849.7249999999985,124.9,2624.77,TP,EUROPE,3,10,2025-11,90.0,1.035,3.5,2535.3,62198.71,3.0621,6.0,0.00087
DJ30.,SHORT,2025-11-13 10:05:00,2025-11-13 13:25:00,48420.04,48302.39000000001,48453.654285714285,48302.39000000001,75.4,8870.81,TP,EUROPE,3,10,2025-11,200.0,3.499,3.5,2535.3,71069.52,16.8071,33.61,0.00069
DJ30.,SHORT,2025-11-17 08:50:00,2025-11-17 09:05:00,47239.45,47263.87857142857,47263.87857142857,47153.95,124.9,-3051.13,SL,EUROPE,0,8,2025-11,15.0,-0.859,3.5,3553.48,68018.39,12.2143,24.43,0.00052
NAS100.,SHORT,2025-11-17 08:35:00,2025-11-17 09:10:00,25196.6,25222.45714285714,25222.45714285714,25106.100000000006,124.9,-3229.56,SL,EUROPE,0,8,2025-11,35.0,-0.909,3.5,3553.48,64788.83,12.9286,25.86,0.00103
SP500.,SHORT,2025-11-17 08:40:00,2025-11-17 09:10:00,6767.9,6773.185714285714,6773.185714285714,6749.399999999998,124.9,-660.19,SL,EUROPE,0,8,2025-11,30.0,-0.186,3.5,3553.48,64128.65,2.4529,5.29,0.00078
NAS100.,SHORT,2025-11-17 12:10:00,2025-11-17 14:00:00,25228.85,25094.374999999993,25267.27142857143,25094.374999999993,83.4,11215.22,TP,EUROPE,0,12,2025-11,110.0,3.498,3.5,3206.43,75343.86,18.8357,38.42,0.00152
SP500.,SHORT,2025-11-17 12:10:00,2025-11-17 14:45:00,6773.45,6746.084999999998,6781.268571428572,6746.084999999998,124.9,3417.89,TP,EUROPE,0,12,2025-11,155.0,1.066,3.5,3206.43,78761.75,3.7843,7.82,0.00115
DJ30.,SHORT,2025-11-17 12:05:00,2025-11-17 15:50:00,47256.45,47090.55000000002,47303.84999999999,47090.55000000002,67.6,11214.84,TP,EUROPE,0,12,2025-11,225.0,3.498,3.5,3206.43,89976.59,24.2,47.4,0.001
DJ30.,LONG,2025-11-18 10:10:00,2025-11-18 13:10:00,46489.33,46421.572857142855,46421.572857142855,46726.48000000001,66.3,-4492.3,SL,EUROPE,1,10,2025-11,180.0,-0.999,3.5,4498.83,85484.29,34.3786,67.76,0.00146
NAS100.,LONG,2025-11-18 10:05:00,2025-11-18 14:45:00,24714.43,24645.658571428572,24645.658571428572,24955.129999999997,65.4,-4497.65,SL,EUROPE,1,10,2025-11,280.0,-1.0,3.5,4498.83,80986.64,34.5107,68.77,0.00278
SP500.,LONG,2025-11-18 10:10:00,2025-11-18 14:55:00,6652.8,6639.64,6639.64,6698.86,124.9,-1643.68,SL,EUROPE,1,10,2025-11,285.0,-0.365,3.5,4498.83,79342.96,6.58,13.16,0.00198
NAS100.,SHORT,2025-11-20 08:25:00,2025-11-20 08:35:00,25097.78,25124.651428571426,25124.651428571426,25003.730000000003,124.9,-3356.24,SL,EUROPE,3,8,2025-11,10.0,-0.846,3.5,3967.15,75986.72,13.4357,26.87,0.00107
SP500.,SHORT,2025-11-20 08:30:00,2025-11-20 08:50:00,6733.25,6738.412857142857,6738.412857142857,6715.179999999999,124.9,-644.84,SL,EUROPE,3,8,2025-11,20.0,-0.163,3.5,3967.15,75341.88,2.5214,5.16,0.00077
DJ30.,SHORT,2025-11-20 08:30:00,2025-11-20 09:05:00,46451.33,46480.33,46480.33,46349.83,124.9,-3622.1,SL,EUROPE,3,8,2025-11,35.0,-0.913,3.5,3967.15,71719.78,14.0,29.0,0.00062
SP500.,SHORT,2025-11-20 10:00:00,2025-11-20 10:30:00,6731.59,6738.29,6738.29,6708.140000000001,124.9,-836.83,SL,EUROPE,3,10,2025-11,30.0,-0.233,3.5,3585.99,70882.95,3.41,6.7,0.001
SP500.,LONG,2025-11-21 11:05:00,2025-11-21 11:35:00,6569.57,6553.967142857143,6553.967142857143,6624.1799999999985,124.9,-1948.8,SL,EUROPE,4,11,2025-11,30.0,-0.55,3.5,3544.15,68934.15,7.9264,15.6,0.00238
DJ30.,LONG,2025-11-21 11:00:00,2025-11-21 12:00:00,46005.03,45909.158571428576,45909.158571428576,46340.57999999998,36.9,-3537.66,SL,EUROPE,4,11,2025-11,60.0,-0.998,3.5,3544.15,65396.49,47.5857,95.87,0.00208
DJ30.,SHORT,2025-11-25 08:40:00,2025-11-25 09:20:00,46439.49,46459.49,46459.49,46369.49,124.9,-2498.0,SL,EUROPE,1,8,2025-11,40.0,-0.764,3.5,3269.82,62898.49,10.0,20.0,0.00043
DJ30.,SHORT,2025-11-25 11:35:00,2025-11-25 12:40:00,46408.49,46456.07571428571,46456.07571428571,46241.94,66.0,-3140.66,SL,EUROPE,1,11,2025-11,65.0,-0.999,3.5,3144.92,59757.84,23.7929,47.59,0.00103
NAS100.,SHORT,2025-11-27 08:40:00,2025-11-27 09:45:00,25282.19,25294.79714285714,25294.79714285714,25238.065000000002,124.9,-1574.63,SL,EUROPE,3,8,2025-11,65.0,-0.527,3.5,2987.89,58183.2,6.3036,12.61,0.0005
SP500.,LONG,2025-11-27 10:35:00,2025-11-27 10:55:00,6828.3,6823.451428571429,6823.451428571429,6845.27,124.9,-605.59,SL,EUROPE,3,10,2025-11,20.0,-0.208,3.5,2909.16,57577.62,2.4893,4.85,0.00071
SP500.,SHORT,2025-11-27 11:50:00,2025-11-27 14:10:00,6822.55,6826.657142857143,6826.657142857143,6808.174999999999,124.9,-512.98,SL,EUROPE,3,11,2025-11,140.0,-0.178,3.5,2878.88,57064.64,2.0536,4.11,0.0006
NAS100.,LONG,2025-12-01 08:45:00,2025-12-01 14:30:00,25246.55,25219.05,25219.05,25342.8,103.7,-2851.75,SL,EUROPE,0,8,2025-12,345.0,-0.999,3.5,2853.23,54212.89,13.75,27.5,0.00109
DJ30.,LONG,2025-12-02 10:30:00,2025-12-02 12:55:00,47310.55,47431.15000000001,47276.09285714286,47431.15000000001,78.6,9479.16,TP,EUROPE,1,10,2025-12,145.0,3.497,3.5,2710.64,63692.05,17.2286,34.46,0.00073
DJ30.,LONG,2025-12-04 12:10:00,2025-12-04 12:35:00,48003.55,47975.69285714285,47975.69285714285,48101.05000000003,114.3,-3184.07,SL,EUROPE,3,12,2025-12,25.0,-1.0,3.5,3184.6,60507.97,13.7786,27.86,0.00058
DJ30.,LONG,2025-12-05 10:10:00,2025-12-05 10:30:00,47949.25,47924.978571428575,47924.978571428575,48034.19999999998,124.6,-3024.22,SL,EUROPE,4,10,2025-12,20.0,-1.0,3.5,3025.4,57483.75,11.5357,24.27,0.00051
NAS100.,SHORT,2025-12-05 11:40:00,2025-12-05 14:00:00,25704.7,25726.321428571428,25726.321428571428,25629.02500000001,124.9,-2700.52,SL,EUROPE,4,11,2025-12,140.0,-0.94,3.5,2874.19,54783.24,10.6857,21.62,0.00084
SP500.,SHORT,2025-12-05 11:05:00,2025-12-05 15:40:00,6879.1,6862.324999999999,6883.892857142858,6862.324999999999,124.9,2095.2,TP,EUROPE,4,11,2025-12,275.0,0.729,3.5,2874.19,56878.44,2.3964,4.79,0.0007
SP500.,SHORT,2025-12-09 11:40:00,2025-12-09 12:25:00,6860.4,6865.167142857143,6865.167142857143,6843.714999999999,124.9,-595.42,SL,EUROPE,1,11,2025-12,45.0,-0.209,3.5,2843.92,56283.02,2.2586,4.77,0.00069
DJ30.,SHORT,2025-12-09 12:20:00,2025-12-09 12:50:00,47813.23,47838.572857142855,47838.572857142855,47724.53000000002,112.2,-2843.47,SL,EUROPE,1,12,2025-12,30.0,-1.0,3.5,2843.92,53439.55,12.5214,25.34,0.00053
NAS100.,LONG,2025-12-11 08:40:00,2025-12-11 09:05:00,25524.6,25496.842857142856,25496.842857142856,25621.75,96.2,-2670.24,SL,EUROPE,3,8,2025-12,25.0,-0.999,3.5,2671.98,50769.31,14.1286,27.76,0.00109
SP500.,LONG,2025-12-11 10:55:00,2025-12-11 14:20:00,6847.1,6879.4050000000025,6837.87,6879.4050000000025,124.9,4034.89,TP,EUROPE,3,10,2025-12,205.0,1.59,3.5,2538.47,54804.21,4.74,9.23,0.00135
NAS100.,LONG,2025-12-11 10:55:00,2025-12-11 14:30:00,25551.85,25714.275,25505.442857142854,25714.275,54.6,8868.41,TP,EUROPE,3,10,2025-12,215.0,3.494,3.5,2538.47,63672.61,23.3286,46.41,0.00182
DJ30.,SHORT,2025-12-12 12:20:00,2025-12-12 13:15:00,48878.53,48913.90142857143,48913.90142857143,48754.729999999996,90.0,-3183.43,SL,EUROPE,4,12,2025-12,55.0,-1.0,3.5,3183.63,60489.18,18.3357,35.37,0.00072
DJ30.,LONG,2025-12-16 10:20:00,2025-12-16 11:55:00,48407.41,48356.78142857143,48356.78142857143,48584.61000000002,59.7,-3022.53,SL,EUROPE,1,10,2025-12,95.0,-0.999,3.5,3024.46,57466.66,24.1643,50.63,0.00105
DJ30.,SHORT,2025-12-18 08:50:00,2025-12-18 09:00:00,47876.56,47911.98857142857,47911.98857142857,47752.56,81.1,-2873.26,SL,EUROPE,3,8,2025-12,10.0,-1.0,3.5,2873.33,54593.4,17.2143,35.43,0.00074
NAS100.,SHORT,2025-12-19 08:40:00,2025-12-19 09:00:00,25062.47,25088.04142857143,25088.04142857143,24972.970000000005,106.7,-2728.47,SL,EUROPE,4,8,2025-12,20.0,-1.0,3.5,2729.67,51864.93,12.6607,25.57,0.00102
SP500.,LONG,2025-12-23 10:10:00,2025-12-23 14:05:00,6884.57,6881.392857142857,6881.392857142857,6895.69,124.9,-396.83,SL,EUROPE,1,10,2025-12,235.0,-0.153,3.5,2593.25,51468.1,1.5886,3.18,0.00046
NAS100.,LONG,2025-12-23 10:25:00,2025-12-23 14:10:00,25492.83,25473.08,25473.08,25561.955,124.9,-2466.78,SL,EUROPE,1,10,2025-12,225.0,-0.951,3.5,2593.25,49001.33,9.875,19.75,0.00077
DJ30.,SHORT,2025-12-26 08:55:00,2025-12-26 13:35:00,48752.39,48696.39,48768.39,48696.39,124.9,6994.4,TP,EUROPE,4,8,2025-12,280.0,2.855,3.5,2450.07,55995.73,8.0,16.0,0.00033
SP500.,LONG,2025-12-26 12:00:00,2025-12-26 13:40:00,6936.12,6933.187142857143,6933.187142857143,6946.384999999998,124.9,-366.31,SL,EUROPE,4,12,2025-12,100.0,-0.15,3.5,2450.07,55629.42,1.4014,2.93,0.00042
NAS100.,LONG,2025-12-26 12:00:00,2025-12-26 13:45:00,25690.23,25675.937142857143,25675.937142857143,25740.254999999997,124.9,-1785.18,SL,EUROPE,4,12,2025-12,105.0,-0.729,3.5,2450.07,53844.24,6.8964,14.29,0.00056
DJ30.,LONG,2025-12-29 12:05:00,2025-12-29 13:25:00,48767.05,48743.72142857143,48743.72142857143,48848.70000000001,115.4,-2692.12,SL,EUROPE,0,12,2025-12,80.0,-1.0,3.5,2692.21,51152.12,11.3143,23.33,0.00048
NAS100.,SHORT,2025-12-30 08:40:00,2025-12-30 11:00:00,25544.96,25560.031428571427,25560.031428571427,25492.210000000003,124.9,-1882.42,SL,EUROPE,1,8,2025-12,140.0,-0.736,3.5,2557.61,49269.7,7.5357,15.07,0.00059
SP500.,SHORT,2025-12-30 08:35:00,2025-12-30 11:00:00,6912.03,6915.228571428572,6915.228571428572,6900.834999999997,124.9,-399.5,SL,EUROPE,1,8,2025-12,145.0,-0.156,3.5,2557.61,48870.2,1.5993,3.2,0.00046
DJ30.,LONG,2026-01-02 11:15:00,2026-01-02 16:30:00,48261.11,48224.98142857143,48224.98142857143,48387.56,67.6,-2442.29,SL,EUROPE,4,11,2026-01,315.0,-1.0,3.5,2443.51,46427.91,18.0643,36.13,0.00075
NAS100.,SHORT,2026-01-06 10:05:00,2026-01-06 10:20:00,25461.45,25401.650000000005,25478.535714285714,25401.650000000005,124.9,7469.02,TP,EUROPE,1,10,2026-01,15.0,3.217,3.5,2321.4,53896.93,8.6679,17.09,0.00067
SP500.,SHORT,2026-01-06 10:00:00,2026-01-06 10:20:00,6910.39,6899.134999999998,6913.605714285715,6899.134999999998,124.9,1405.75,TP,EUROPE,1,10,2026-01,20.0,0.606,3.5,2321.4,55302.68,1.6079,3.22,0.00047
DJ30.,LONG,2026-01-08 10:25:00,2026-01-08 11:35:00,48940.91,48906.49571428572,48906.49571428572,49061.36000000001,80.3,-2763.47,SL,EUROPE,3,10,2026-01,70.0,-0.999,3.5,2765.13,52539.21,17.7071,34.41,0.0007
SP500.,LONG,2026-01-08 10:10:00,2026-01-08 12:10:00,6917.99,6910.011428571428,6910.011428571428,6945.915000000001,124.9,-996.52,SL,EUROPE,3,10,2026-01,120.0,-0.36,3.5,2765.13,51542.69,3.8643,7.98,0.00115
SP500.,SHORT,2026-01-08 12:30:00,2026-01-08 13:05:00,6912.49,6916.595714285714,6916.595714285714,6898.119999999999,124.9,-512.8,SL,EUROPE,3,12,2026-01,35.0,-0.199,3.5,2577.13,51029.88,2.0529,4.11,0.00059
DJ30.,SHORT,2026-01-08 12:05:00,2026-01-08 13:25:00,48883.91,48908.82428571429,48908.82428571429,48796.71,105.4,-2625.97,SL,EUROPE,3,12,2026-01,80.0,-1.0,3.5,2626.96,48403.92,12.4571,24.91,0.00051
NAS100.,LONG,2026-01-08 10:10:00,2026-01-08 16:10:00,25619.4,25638.9,25575.614285714288,25772.65,63.1,1230.45,TIME,EUROPE,3,10,2026-01,360.0,0.445,3.5,2765.13,49634.37,21.8929,43.79,0.00171
SP500.,LONG,2026-01-09 08:35:00,2026-01-09 09:15:00,6928.21,6924.618571428571,6924.618571428571,6940.780000000001,124.9,-448.57,SL,EUROPE,4,8,2026-01,40.0,-0.181,3.5,2481.72,49185.8,1.7957,3.59,0.00052
SP500.,SHORT,2026-01-09 10:30:00,2026-01-09 11:30:00,6922.59,6927.314285714286,6927.314285714286,6906.055,124.9,-590.06,SL,EUROPE,4,10,2026-01,60.0,-0.24,3.5,2459.29,48595.73,2.3621,4.72,0.00068
NAS100.,LONG,2026-01-09 11:30:00,2026-01-09 16:00:00,25563.55,25663.674999999996,25534.942857142858,25663.674999999996,85.9,8600.74,TP,EUROPE,4,11,2026-01,270.0,3.497,3.5,2459.29,57196.47,14.1786,28.61,0.00112
DJ30.,LONG,2026-01-12 08:25:00,2026-01-12 09:30:00,49310.35,49291.35,49291.35,49376.85,124.9,-2373.1,SL,EUROPE,0,8,2026-01,65.0,-0.83,3.5,2859.82,54823.37,9.5,19.0,0.00039
DJ30.,SHORT,2026-01-12 10:15:00,2026-01-12 11:25:00,49275.35,49163.84999999999,49307.20714285714,49163.84999999999,86.0,9589.0,TP,EUROPE,0,10,2026-01,70.0,3.498,3.5,2741.17,64412.37,16.0786,31.86,0.00065
SP500.,SHORT,2026-01-13 10:35:00,2026-01-13 11:00:00,6972.95,6976.082857142857,6976.082857142857,6961.984999999999,124.9,-391.29,SL,EUROPE,1,10,2026-01,25.0,-0.121,3.5,3220.62,64021.08,1.6914,3.13,0.00045
NAS100.,SHORT,2026-01-13 11:55:00,2026-01-13 15:30:00,25768.28,25791.10857142857,25791.10857142857,25688.380000000005,124.9,-2851.29,SL,EUROPE,1,11,2026-01,215.0,-0.891,3.5,3201.05,61169.79,11.1643,22.83,0.00089
DJ30.,SHORT,2026-01-15 10:00:00,2026-01-15 10:55:00,49141.48,49172.52285714286,49172.52285714286,49032.83,98.5,-3057.72,SL,EUROPE,3,10,2026-01,55.0,-1.0,3.5,3058.49,58112.07,15.5214,31.04,0.00063
DJ30.,LONG,2026-01-15 11:15:00,2026-01-15 14:25:00,49205.28,49312.329999999994,49174.694285714286,49312.329999999994,94.9,10159.04,TP,EUROPE,3,11,2026-01,190.0,3.496,3.5,2905.6,68271.11,15.2929,30.59,0.00062
SP500.,SHORT,2026-01-16 10:35:00,2026-01-16 10:50:00,6965.13,6969.562857142857,6969.562857142857,6949.615000000002,124.9,-553.66,SL,EUROPE,4,10,2026-01,15.0,-0.162,3.5,3413.56,67717.45,2.1564,4.43,0.00064
DJ30.,SHORT,2026-01-16 08:45:00,2026-01-16 13:45:00,49558.78,49494.955,49577.01571428571,49494.955,124.9,7971.74,TP,EUROPE,4,8,2026-01,300.0,2.335,3.5,3413.56,75689.19,8.6179,18.24,0.00037
DJ30.,LONG,2026-01-19 08:45:00,2026-01-19 08:50:00,49064.35,49046.635714285716,49046.635714285716,49126.34999999999,124.9,-2212.51,SL,EUROPE,0,8,2026-01,5.0,-0.585,3.5,3784.46,73476.68,9.8571,17.71,0.00036
NAS100.,LONG,2026-01-19 08:05:00,2026-01-19 08:55:00,25279.6,25256.064285714285,25256.064285714285,25361.975,124.9,-2939.61,SL,EUROPE,0,8,2026-01,50.0,-0.777,3.5,3784.46,70537.07,11.7679,23.54,0.00093
SP500.,LONG,2026-01-19 08:30:00,2026-01-19 08:55:00,6889.75,6885.675714285714,6885.675714285714,6904.01,124.9,-508.88,SL,EUROPE,0,8,2026-01,25.0,-0.134,3.5,3784.46,70028.19,1.9721,4.07,0.00059
DJ30.,LONG,2026-01-22 10:15:00,2026-01-22 15:55:00,49219.15,49368.500000000015,49176.47857142857,49368.500000000015,82.0,12246.7,TP,EUROPE,3,10,2026-01,340.0,3.498,3.5,3501.41,82274.89,21.9857,42.67,0.00087
NAS100.,LONG,2026-01-22 10:00:00,2026-01-22 16:00:00,25489.96,25594.46,25450.174285714285,25629.21,88.0,9196.0,TIME,EUROPE,3,10,2026-01,360.0,2.626,3.5,3501.41,91470.89,19.6429,39.79,0.00156
SP500.,LONG,2026-01-22 10:05:00,2026-01-22 16:05:00,6905.43,6925.13,6897.68,6932.555,124.9,2460.53,TIME,EUROPE,3,10,2026-01,360.0,0.703,3.5,3501.41,93931.42,3.875,7.75,0.00112
DJ30.,SHORT,2026-01-26 12:15:00,2026-01-26 13:25:00,49090.35,49135.45,49135.45,48932.5,104.1,-4694.91,SL,EUROPE,0,12,2026-01,70.0,-1.0,3.5,4696.57,89236.51,22.7,45.1,0.00092
DJ30.,SHORT,2026-01-27 12:50:00,2026-01-27 12:55:00,49398.07,49421.84142857143,49421.84142857143,49314.86999999999,124.9,-2969.05,SL,EUROPE,1,12,2026-01,5.0,-0.665,3.5,4461.83,86267.46,12.2357,23.77,0.00048
SP500.,SHORT,2026-01-29 12:10:00,2026-01-29 15:40:00,6993.64,7000.048571428571,7000.048571428571,6971.210000000001,124.9,-800.43,SL,EUROPE,3,12,2026-01,210.0,-0.186,3.5,4313.37,85467.03,3.0793,6.41,0.00092
NAS100.,SHORT,2026-01-29 11:50:00,2026-01-29 16:30:00,26117.25,26006.850000000002,26148.792857142857,26006.850000000002,124.9,13788.96,TP,EUROPE,3,11,2026-01,280.0,3.197,3.5,4313.37,99255.99,16.1464,31.54,0.00121
DJ30.,SHORT,2026-01-30 08:00:00,2026-01-30 08:55:00,48816.37,48680.87000000001,48855.084285714285,48680.87000000001,124.9,16923.95,TP,EUROPE,4,8,2026-01,55.0,3.41,3.5,4962.8,116179.94,18.3571,38.71,0.00079
SP500.,SHORT,2026-01-30 08:00:00,2026-01-30 10:05:00,6929.52,6902.944999999999,6937.112857142858,6902.944999999999,124.9,3319.22,TP,EUROPE,4,8,2026-01,125.0,0.669,3.5,4962.8,119499.15,3.7964,7.59,0.0011
NAS100.,SHORT,2026-01-30 08:15:00,2026-01-30 13:30:00,25679.9,25719.792857142857,25719.792857142857,25540.27500000001,124.4,-4962.67,SL,EUROPE,4,8,2026-01,315.0,-1.0,3.5,4962.8,114536.48,19.9214,39.89,0.00155
DJ30.,LONG,2026-02-02 10:05:00,2026-02-02 12:30:00,48586.35,48824.0,48518.45,48824.0,84.3,20033.9,TP,EUROPE,0,10,2026-02,145.0,3.498,3.5,5726.82,134570.38,33.45,67.9,0.0014
DJ30.,SHORT,2026-02-03 11:05:00,2026-02-03 16:25:00,49467.12,49331.02000000002,49506.00571428571,49331.02000000002,124.9,16998.89,TP,EUROPE,1,11,2026-02,320.0,2.526,3.5,6728.52,151569.27,18.7929,38.89,0.00079
NAS100.,SHORT,2026-02-03 11:15:00,2026-02-03 16:30:00,25893.58,25783.205,25925.115714285716,25783.205,124.9,13785.84,TP,EUROPE,1,11,2026-02,315.0,2.049,3.5,6728.52,165355.1,15.8929,31.54,0.00122
DJ30.,SHORT,2026-02-05 10:50:00,2026-02-05 11:25:00,49368.92,49433.119999999995,49433.119999999995,49144.22000000001,124.9,-8018.58,SL,EUROPE,3,10,2026-02,35.0,-0.97,3.5,8267.76,157336.52,32.1,64.2,0.0013
NAS100.,SHORT,2026-02-05 11:15:00,2026-02-05 11:25:00,24916.33,24981.84428571429,24981.84428571429,24687.02999999999,124.9,-8182.73,SL,EUROPE,3,11,2026-02,10.0,-0.99,3.5,8267.76,149153.79,32.7571,65.51,0.00263
SP500.,SHORT,2026-02-05 11:15:00,2026-02-05 11:25:00,6881.16,6893.45,6893.45,6838.145,124.9,-1535.02,SL,EUROPE,3,11,2026-02,10.0,-0.186,3.5,8267.76,147618.77,6.205,12.29,0.00179
NAS100.,LONG,2026-02-06 08:00:00,2026-02-06 09:00:00,24513.43,24456.98,24456.98,24711.005000000005,124.9,-7050.61,SL,EUROPE,4,8,2026-02,60.0,-0.955,3.5,7380.94,140568.16,28.225,56.45,0.0023
SP500.,LONG,2026-02-06 08:00:00,2026-02-06 09:00:00,6794.41,6783.681428571428,6783.681428571428,6831.960000000001,124.9,-1340.0,SL,EUROPE,4,8,2026-02,60.0,-0.182,3.5,7380.94,139228.16,5.2993,10.73,0.00158
DJ30.,LONG,2026-02-06 08:05:00,2026-02-06 13:00:00,48900.42,49088.419999999984,48846.705714285716,49088.419999999984,124.9,23481.2,TP,EUROPE,4,8,2026-02,295.0,3.181,3.5,7380.94,162709.36,26.3571,53.71,0.0011
DJ30.,SHORT,2026-02-09 08:20:00,2026-02-09 08:35:00,50207.35,50241.35,50241.35,50088.35,124.9,-4246.6,SL,EUROPE,0,8,2026-02,15.0,-0.522,3.5,8135.47,158462.76,17.0,34.0,0.00068
DJ30.,SHORT,2026-02-09 08:00:00,2026-02-09 10:05:00,50221.35,50249.49285714285,50249.49285714285,50122.850000000006,124.9,-3515.04,SL,EUROPE,0,8,2026-02,125.0,-0.432,3.5,8135.47,154947.72,13.5714,28.14,0.00056
SP500.,LONG,2026-02-09 11:00:00,2026-02-09 11:40:00,6941.45,6932.912857142857,6932.912857142857,6971.329999999998,124.9,-1066.29,SL,EUROPE,0,11,2026-02,40.0,-0.138,3.5,7747.39,153881.43,4.2686,8.54,0.00123
DJ30.,SHORT,2026-02-10 08:20:00,2026-02-10 09:15:00,50144.39,50168.81857142857,50168.81857142857,50058.89,124.9,-3051.13,SL,EUROPE,1,8,2026-02,55.0,-0.397,3.5,7694.07,150830.3,12.2143,24.43,0.00049
DJ30.,LONG,2026-02-10 10:35:00,2026-02-10 14:35:00,50189.39,50154.561428571425,50154.561428571425,50311.29000000001,124.9,-4350.09,SL,EUROPE,1,10,2026-02,240.0,-0.577,3.5,7541.52,146480.22,17.4143,34.83,0.00069
NAS100.,LONG,2026-02-13 10:05:00,2026-02-13 10:15:00,24700.39,24656.632857142857,24656.632857142857,24853.54,124.9,-5465.27,SL,EUROPE,4,10,2026-02,10.0,-0.746,3.5,7324.01,141014.95,21.7536,43.76,0.00177
DJ30.,SHORT,2026-02-13 11:00:00,2026-02-13 11:20:00,49331.39,49414.189999999995,49414.189999999995,49041.59000000001,85.1,-7046.28,SL,EUROPE,4,11,2026-02,20.0,-0.999,3.5,7050.75,133968.67,41.55,82.8,0.00168
DJ30.,LONG,2026-02-13 10:50:00,2026-02-13 12:55:00,49391.09,49316.14714285714,49316.14714285714,49653.39,94.0,-7044.63,SL,EUROPE,4,10,2026-02,125.0,-0.999,3.5,7050.75,126924.04,38.1214,74.94,0.00152
NAS100.,LONG,2026-02-13 10:25:00,2026-02-13 13:05:00,24675.09,24622.704285714284,24622.704285714284,24858.440000000006,124.9,-6542.98,SL,EUROPE,4,10,2026-02,160.0,-0.928,3.5,7050.75,120381.06,27.2179,52.39,0.00212
SP500.,LONG,2026-02-13 10:40:00,2026-02-13 13:05:00,6827.75,6815.005714285714,6815.005714285714,6872.355000000001,124.9,-1591.76,SL,EUROPE,4,10,2026-02,145.0,-0.226,3.5,7050.75,118789.3,6.3721,12.74,0.00187
DJ30.,SHORT,2026-02-13 12:45:00,2026-02-13 14:55:00,49344.39,49393.34714285714,49393.34714285714,49173.03999999999,124.9,-6114.75,SL,EUROPE,4,12,2026-02,130.0,-0.913,3.5,6698.43,112674.56,23.4786,48.96,0.00099
DJ30.,LONG,2026-02-19 08:25:00,2026-02-19 10:45:00,49692.41,49667.55285714286,49667.55285714286,49779.41000000001,124.9,-3104.66,SL,EUROPE,3,8,2026-02,140.0,-0.551,3.5,5633.73,109569.9,12.4286,24.86,0.0005
NAS100.,SHORT,2026-02-19 11:05:00,2026-02-19 14:00:00,24905.32,24756.545,24947.827142857142,24756.545,124.9,18582.0,TP,EUROPE,3,11,2026-02,175.0,3.392,3.5,5478.49,128151.9,21.2536,42.51,0.00171
DJ30.,SHORT,2026-02-19 10:55:00,2026-02-19 16:30:00,49628.41,49448.760000000024,49679.73857142857,49448.760000000024,106.7,19168.65,TP,EUROPE,3,10,2026-02,335.0,3.499,3.5,5478.49,147320.55,25.8143,51.33,0.00103
SP500.,SHORT,2026-02-19 11:00:00,2026-02-19 16:35:00,6877.74,6846.930000000001,6886.5428571428565,6846.930000000001,124.9,3848.17,TP,EUROPE,3,11,2026-02,335.0,0.702,3.5,5478.49,151168.72,4.4014,8.8,0.00128
DJ30.,SHORT,2026-02-20 10:00:00,2026-02-20 10:50:00,49501.41,49526.05285714286,49526.05285714286,49415.16000000001,124.9,-3077.89,SL,EUROPE,4,10,2026-02,50.0,-0.407,3.5,7558.44,148090.83,13.3214,24.64,0.0005
NAS100.,SHORT,2026-02-20 10:20:00,2026-02-20 10:55:00,24858.97,24889.22,24889.22,24753.095,124.9,-3778.23,SL,EUROPE,4,10,2026-02,35.0,-0.5,3.5,7558.44,144312.6,15.0,30.25,0.00122
SP500.,SHORT,2026-02-20 10:15:00,2026-02-20 11:05:00,6881.21,6886.941428571429,6886.941428571429,6861.149999999998,124.9,-715.86,SL,EUROPE,4,10,2026-02,50.0,-0.095,3.5,7558.44,143596.75,2.8007,5.73,0.00083
SP500.,LONG,2026-02-20 11:15:00,2026-02-20 11:40:00,6892.34,6885.382857142858,6885.382857142858,6916.689999999999,124.9,-868.95,SL,EUROPE,4,11,2026-02,25.0,-0.121,3.5,7179.84,142727.8,3.4186,6.96,0.00101
NAS100.,LONG,2026-02-20 11:15:00,2026-02-20 11:45:00,24926.22,24892.434285714287,24892.434285714287,25044.47,124.9,-4219.84,SL,EUROPE,4,11,2026-02,30.0,-0.588,3.5,7179.84,138507.96,16.6429,33.79,0.00136
DJ30.,SHORT,2026-02-20 12:15:00,2026-02-20 13:00:00,49500.41,49378.60999999999,49535.21000000001,49378.60999999999,124.9,15212.82,TP,EUROPE,4,12,2026-02,45.0,2.197,3.5,6925.4,153720.78,17.4,34.8,0.0007
SP500.,SHORT,2026-02-20 12:00:00,2026-02-20 13:00:00,6880.47,6859.635,6886.4228571428575,6859.635,124.9,2602.29,TP,EUROPE,4,12,2026-02,60.0,0.376,3.5,6925.4,156323.08,2.9814,5.95,0.00087
NAS100.,SHORT,2026-02-20 12:40:00,2026-02-20 13:55:00,24873.47,24774.22000000001,24901.827142857142,24774.22000000001,124.9,12396.32,TP,EUROPE,4,12,2026-02,75.0,1.79,3.5,6925.4,168719.4,14.3036,28.36,0.00114
DJ30.,LONG,2026-02-23 08:05:00,2026-02-23 09:00:00,49358.35,49422.850000000006,49339.921428571426,49422.850000000006,124.9,8056.05,TP,EUROPE,0,8,2026-02,55.0,0.955,3.5,8435.97,176775.45,9.2143,18.43,0.00037
SP500.,LONG,2026-02-23 08:10:00,2026-02-23 10:45:00,6866.6,6879.260000000002,6862.982857142857,6879.260000000002,124.9,1581.23,TP,EUROPE,0,8,2026-02,155.0,0.187,3.5,8435.97,178356.68,1.9336,3.62,0.00053
NAS100.,LONG,2026-02-23 08:10:00,2026-02-23 11:00:00,24810.75,24892.374999999996,24787.428571428572,24892.374999999996,124.9,10194.96,TP,EUROPE,0,8,2026-02,170.0,1.209,3.5,8435.97,188551.65,11.6607,23.32,0.00094
DJ30.,SHORT,2026-02-24 08:00:00,2026-02-24 08:45:00,48887.37,48909.084285714285,48909.084285714285,48811.37000000001,124.9,-2712.11,SL,EUROPE,1,8,2026-02,45.0,-0.288,3.5,9427.58,185839.53,11.3571,21.71,0.00044
DJ30.,SHORT,2026-02-24 10:05:00,2026-02-24 10:20:00,48857.37,48889.65571428572,48889.65571428572,48744.369999999995,124.9,-4032.49,SL,EUROPE,1,10,2026-02,15.0,-0.434,3.5,9291.98,181807.05,16.8929,32.29,0.00066
NAS100.,LONG,2026-02-24 12:05:00,2026-02-24 13:35:00,24808.31,24773.30285714286,24773.30285714286,24930.835,124.9,-4372.39,SL,EUROPE,1,12,2026-02,90.0,-0.481,3.5,9090.35,177434.65,17.5036,35.01,0.00141
SP500.,LONG,2026-02-24 12:05:00,2026-02-24 13:35:00,6858.12,6850.86,6850.86,6883.530000000001,124.9,-906.77,SL,EUROPE,1,12,2026-02,90.0,-0.1,3.5,9090.35,176527.88,3.57,7.26,0.00106
DJ30.,LONG,2026-02-24 12:05:00,2026-02-24 14:45:00,48911.37,48866.22714285714,48866.22714285714,49069.370000000024,124.9,-5638.34,SL,EUROPE,1,12,2026-02,160.0,-0.62,3.5,9090.35,170889.54,22.5714,45.14,0.00092
NAS100.,LONG,2026-02-26 08:05:00,2026-02-26 11:45:00,25290.36,25367.110000000004,25268.431428571428,25367.110000000004,124.9,9586.08,TP,EUROPE,3,8,2026-02,220.0,1.122,3.5,8544.48,180475.61,10.9643,21.93,0.00087
DJ30.,LONG,2026-02-26 11:05:00,2026-02-26 14:40:00,49429.37,49575.77000000001,49387.54142857143,49575.77000000001,124.9,18285.36,TP,EUROPE,3,11,2026-02,215.0,2.14,3.5,8544.48,198760.97,20.9143,41.83,0.00085
NAS100.,SHORT,2026-02-27 12:00:00,2026-02-27 12:30:00,24958.96,25000.574285714283,25000.574285714283,24813.310000000005,124.9,-5197.62,SL,EUROPE,4,12,2026-02,30.0,-0.523,3.5,9938.05,193563.35,20.3071,41.61,0.00167
DJ30.,SHORT,2026-02-27 12:15:00,2026-02-27 15:20:00,49276.37,49074.16999999999,49334.141428571435,49074.16999999999,124.9,25254.78,TP,EUROPE,4,12,2026-02,185.0,2.541,3.5,9938.05,218818.13,29.3857,57.77,0.00117
SP500.,SHORT,2026-02-27 12:05:00,2026-02-27 15:30:00,6886.89,6856.635,6895.534285714286,6856.635,124.9,3778.85,TP,EUROPE,4,12,2026-02,205.0,0.38,3.5,9938.05,222596.98,4.2571,8.64,0.00126
NAS100.,LONG,2026-03-02 11:45:00,2026-03-02 16:30:00,24601.0,24792.999999999993,24546.14285714286,24792.999999999993,124.9,23980.8,TP,EUROPE,0,11,2026-03,285.0,2.155,3.5,11129.85,246577.78,27.9286,54.86,0.00223
DJ30.,LONG,2026-03-02 11:50:00,2026-03-02 16:45:00,48411.05,48721.2,48322.43571428572,48721.2,124.9,38737.73,TP,EUROPE,0,11,2026-03,295.0,3.481,3.5,11129.85,285315.51,44.3071,88.61,0.00183
SP500.,LONG,2026-03-02 11:35:00,2026-03-02 17:00:00,6802.7,6855.924999999999,6787.492857142857,6855.924999999999,124.9,6647.8,TP,EUROPE,0,11,2026-03,325.0,0.597,3.5,11129.85,291963.32,7.4786,15.21,0.00224
NAS100.,SHORT,2026-03-05 10:00:00,2026-03-05 11:00:00,25006.93,25055.251428571428,25055.251428571428,24837.805000000004,124.9,-6035.35,SL,EUROPE,3,10,2026-03,60.0,-0.413,3.5,14598.17,285927.97,25.1857,48.32,0.00193
SP500.,SHORT,2026-03-05 10:00:00,2026-03-05 11:00:00,6846.9,6858.239999999999,6858.239999999999,6807.210000000003,124.9,-1416.37,SL,EUROPE,3,10,2026-03,60.0,-0.097,3.5,14598.17,284511.6,5.67,11.34,0.00166
DJ30.,LONG,2026-03-10 08:40:00,2026-03-10 10:25:00,47655.38,47873.880000000005,47592.951428571425,47873.880000000005,124.9,27290.65,TP,EUROPE,1,8,2026-03,105.0,1.918,3.5,14225.58,311802.25,31.2143,62.43,0.00131
NAS100.,LONG,2026-03-10 08:50:00,2026-03-10 11:05:00,24948.27,25103.870000000003,24903.812857142857,25103.870000000003,124.9,19434.44,TP,EUROPE,1,8,2026-03,135.0,1.366,3.5,14225.58,331236.69,22.0786,44.46,0.00178
SP500.,LONG,2026-03-10 08:30:00,2026-03-10 11:05:00,6785.68,6820.905000000003,6775.615714285714,6820.905000000003,124.9,4399.6,TP,EUROPE,1,8,2026-03,155.0,0.309,3.5,14225.58,335636.3,5.0271,10.06,0.00148
DJ30.,LONG,2026-03-13 12:55:00,2026-03-13 15:45:00,46710.08,47005.879999999976,46625.56571428572,47005.879999999976,124.9,36945.42,TP,EUROPE,4,12,2026-03,170.0,2.202,3.5,16781.81,372581.72,42.2571,84.51,0.00181
NAS100.,LONG,2026-03-13 12:35:00,2026-03-13 15:45:00,24516.32,24721.92,24457.577142857142,24721.92,124.9,25679.44,TP,EUROPE,4,12,2026-03,190.0,1.53,3.5,16781.81,398261.16,29.3964,58.74,0.0024
SP500.,LONG,2026-03-13 12:50:00,2026-03-13 15:45:00,6674.27,6718.890000000003,6661.521428571428,6718.890000000003,124.9,5573.04,TP,EUROPE,4,12,2026-03,175.0,0.332,3.5,16781.81,403834.19,6.3793,12.75,0.00191
DJ30.,LONG,2026-03-17 11:55:00,2026-03-17 15:30:00,46847.05,47140.04999999999,46763.33571428572,47140.04999999999,124.9,36595.7,TP,EUROPE,1,11,2026-03,215.0,1.812,3.5,20191.71,440429.89,42.2571,83.71,0.00179
SP500.,LONG,2026-03-17 12:10:00,2026-03-17 16:00:00,6683.7,6724.130000000001,6672.148571428571,6724.130000000001,124.9,5049.71,TP,EUROPE,1,12,2026-03,230.0,0.25,3.5,20191.71,445479.6,5.7757,11.55,0.00173
DJ30.,SHORT,2026-03-19 08:10:00,2026-03-19 10:55:00,46276.35,46142.34999999999,46314.635714285716,46142.34999999999,124.9,16736.6,TP,EUROPE,3,8,2026-03,165.0,0.751,3.5,22273.98,462216.2,19.1429,38.29,0.00083
DJ30.,LONG,2026-03-20 11:05:00,2026-03-20 11:25:00,46196.05,46135.735714285714,46135.735714285714,46407.15000000001,124.9,-7533.25,SL,EUROPE,4,11,2026-03,20.0,-0.326,3.5,23110.81,454682.95,30.3071,60.31,0.00131
NAS100.,LONG,2026-03-20 11:10:00,2026-03-20 11:25:00,24422.51,24384.61714285714,24384.61714285714,24555.135000000002,124.9,-4732.82,SL,EUROPE,4,11,2026-03,15.0,-0.205,3.5,23110.81,449950.13,18.9464,37.89,0.00155
SP500.,LONG,2026-03-20 11:05:00,2026-03-20 11:25:00,6627.15,6617.561428571429,6617.561428571429,6660.709999999996,124.9,-1197.61,SL,EUROPE,4,11,2026-03,20.0,-0.052,3.5,23110.81,448752.52,4.7943,9.59,0.00145
NAS100.,SHORT,2026-03-20 12:15:00,2026-03-20 13:10:00,24325.26,24139.009999999995,24378.474285714285,24139.009999999995,124.9,23262.63,TP,EUROPE,4,12,2026-03,55.0,1.037,3.5,22437.63,472015.14,26.7321,53.21,0.00219
SP500.,SHORT,2026-03-20 12:15:00,2026-03-20 16:55:00,6605.28,6560.8,6617.988571428571,6560.8,124.9,5555.55,TP,EUROPE,4,12,2026-03,280.0,0.248,3.5,22437.63,477570.69,6.4193,12.71,0.00192
DJ30.,SHORT,2026-03-20 12:15:00,2026-03-20 18:15:00,46022.35,45795.35,46113.142857142855,45704.575,124.9,28352.3,TIME,EUROPE,4,12,2026-03,360.0,1.264,3.5,22437.63,505922.99,45.6464,90.79,0.00197
DJ30.,LONG,2026-03-23 12:20:00,2026-03-23 12:35:00,45405.35,45298.90714285714,45298.90714285714,45777.9,124.9,-13294.71,SL,EUROPE,0,12,2026-03,15.0,-0.526,3.5,25296.15,492628.28,53.2214,106.44,0.00234
NAS100.,LONG,2026-03-23 12:15:00,2026-03-23 12:35:00,23750.85,23681.17857142857,23681.17857142857,23994.700000000004,124.9,-8701.96,SL,EUROPE,0,12,2026-03,20.0,-0.344,3.5,25296.15,483926.32,34.9607,69.67,0.00293
SP500.,LONG,2026-03-23 12:20:00,2026-03-23 12:35:00,6473.25,6457.25,6457.25,6529.25,124.9,-1998.4,SL,EUROPE,0,12,2026-03,15.0,-0.079,3.5,25296.15,481927.92,8.0,16.0,0.00247
NAS100.,SHORT,2026-03-24 12:40:00,2026-03-24 16:50:00,24212.61,23961.510000000002,24284.352857142858,23961.510000000002,124.9,31362.39,TP,EUROPE,1,12,2026-03,250.0,1.302,3.5,24096.4,513290.31,35.9964,71.74,0.00296
DJ30.,SHORT,2026-03-24 12:30:00,2026-03-24 17:50:00,46131.05,46257.42857142857,46257.42857142857,45688.725000000006,124.9,-15784.68,SL,EUROPE,1,12,2026-03,320.0,-0.655,3.5,24096.4,497505.63,63.9393,126.38,0.00274
SP500.,SHORT,2026-03-24 12:35:00,2026-03-24 18:20:00,6575.32,6592.784285714285,6592.784285714285,6514.1950000000015,124.9,-2181.29,SL,EUROPE,1,12,2026-03,345.0,-0.091,3.5,24096.4,495324.34,8.7921,17.46,0.00266
DJ30.,SHORT,2026-03-26 08:05:00,2026-03-26 10:20:00,46348.35,46204.7,46389.392857142855,46204.7,124.9,17941.89,TP,EUROPE,3,8,2026-03,135.0,0.724,3.5,24766.22,513266.22,20.0214,41.04,0.00089
NAS100.,SHORT,2026-03-26 08:10:00,2026-03-26 11:25:00,24123.71,24013.534999999996,24155.18857142857,24013.534999999996,124.9,13760.86,TP,EUROPE,3,8,2026-03,195.0,0.556,3.5,24766.22,527027.08,15.7393,31.48,0.0013
SP500.,SHORT,2026-03-26 08:05:00,2026-03-26 11:40:00,6580.6,6556.794999999999,6587.401428571429,6556.794999999999,124.9,2973.24,TP,EUROPE,3,8,2026-03,215.0,0.12,3.5,24766.22,530000.32,3.4007,6.8,0.00103
