name,risk_pct,rr,atr_sl,time_exit,cooldown,allowed_hours,blocked_days,return_pct,net_profit,total_trades,win_rate,profit_factor,max_drawdown_pct,avg_r_multiple,max_consecutive_losses
R7_RR3.5_SL2.0_TE360_CD0_BH9_BDnone,7,3.5,2.0,360,0,"[8, 10, 11, 12, 13]",[],5483.17,548317.33,470,32.98,1.71,15.84,0.2066,18
R5_RR3.5_SL2.0_TE360_CD2_BH913_BD2,5,3.5,2.0,360,2,"[8, 10, 11, 12]",[2],5200.0,520000.32,306,35.95,2.29,10.53,0.3605,15
R5_RR3.5_SL2.0_TE210_CD4_BH9_BD2,5,3.5,2.0,210,4,"[8, 10, 11, 12, 13]",[2],4928.78,492878.38,368,39.67,2.03,11.94,0.2799,14
R7_RR3.5_SL2.0_TE0_CD0_BH913_BD2,7,3.5,2.0,0,0,"[8, 10, 11, 12]",[2],4899.45,489945.41,313,33.87,2.08,11.83,0.3037,16
R7_RR3.0_SL2.0_TE360_CD4_BHnone_BD2,7,3.0,2.0,360,4,all,[2],4886.7,488669.74,432,35.19,1.76,13.55,0.2129,18
R5_RR3.5_SL2.0_TE360_CD4_BH89_BD2,5,3.5,2.0,360,4,"[10, 11, 12, 13]",[2],4852.28,485228.28,301,35.55,2.07,11.54,0.3495,16
R5_RR3.5_SL2.0_TE360_CD0_BH913_BD2,5,3.5,2.0,360,0,"[8, 10, 11, 12]",[2],4822.49,482248.89,313,35.14,2.22,10.32,0.3546,16
R7_RR2.5_SL2.0_TE360_CD0_BH9_BD2,7,2.5,2.0,360,0,"[8, 10, 11, 12, 13]",[2],4798.94,479894.45,396,39.9,1.88,12.5,0.2066,15
R3_RR3.5_SL2.0_TE360_CD4_BH9_BDnone,3,3.5,2.0,360,4,"[8, 10, 11, 12, 13]",[],4768.37,476836.83,440,34.09,1.92,12.5,0.3653,17
R7_RR3.0_SL2.0_TE360_CD2_BH913_BD2,7,3.0,2.0,360,2,"[8, 10, 11, 12]",[2],4728.86,472886.41,306,37.91,2.07,13.41,0.2755,15
R7_RR3.0_SL2.0_TE210_CD2_BH9_BD2,7,3.0,2.0,210,2,"[8, 10, 11, 12, 13]",[2],4711.05,471105.36,383,40.21,1.91,14.27,0.2106,14
R7_RR3.5_SL2.0_TE210_CD0_BHnone_BD2,7,3.5,2.0,210,0,all,[2],4643.15,464314.64,481,36.59,1.69,19.46,0.19,19
R7_RR3.5_SL2.0_TE210_CD2_BH913_BD2,7,3.5,2.0,210,2,"[8, 10, 11, 12]",[2],4587.69,458768.8,306,41.83,2.2,14.11,0.2604,14
R7_RR3.5_SL1.5_TE0_CD0_BH9_BD2,7,3.5,1.5,0,0,"[8, 10, 11, 12, 13]",[2],4560.45,456044.53,396,33.33,2.01,13.56,0.2259,15
R5_RR2.5_SL2.5_TE360_CD4_BH9_BD2,5,2.5,2.5,360,4,"[8, 10, 11, 12, 13]",[2],4556.96,455695.52,363,39.94,1.74,18.72,0.2777,13
R7_RR3.0_SL2.0_TE210_CD0_BHnone_BD2,7,3.0,2.0,210,0,all,[2],4536.52,453652.36,481,37.21,1.69,17.57,0.1818,19
R7_RR3.0_SL2.5_TE360_CD4_BH9_BD2,7,3.0,2.5,360,4,"[8, 10, 11, 12, 13]",[2],4525.33,452533.48,363,36.09,1.63,16.99,0.2392,13
R5_RR3.0_SL2.0_TE360_CD2_BH9_BDnone,5,3.0,2.0,360,2,"[8, 10, 11, 12, 13]",[],4522.16,452216.16,457,35.45,1.68,18.19,0.2362,17
R5_RR3.5_SL2.0_TE360_CD0_BH913_BDnone,5,3.5,2.0,360,0,"[8, 10, 11, 12]",[],4481.39,448139.11,366,34.15,1.91,13.85,0.3095,18
R7_RR3.0_SL2.5_TE360_CD0_BH9_BD2,7,3.0,2.5,360,0,"[8, 10, 11, 12, 13]",[2],4441.64,444164.34,396,35.1,1.62,18.94,0.2386,15
R5_RR2.5_SL2.0_TE0_CD0_BH9_BD2,5,2.5,2.0,0,0,"[8, 10, 11, 12, 13]",[2],4425.98,442598.21,396,39.14,1.92,13.39,0.2606,15
R5_RR3.5_SL2.0_TE210_CD0_BHnone_BD2,5,3.5,2.0,210,0,all,[2],4378.19,437818.64,481,36.59,1.72,17.08,0.2341,19
R7_RR3.5_SL1.5_TE0_CD4_BH9_BD2,7,3.5,1.5,0,4,"[8, 10, 11, 12, 13]",[2],4372.33,437233.4,372,33.6,2.04,9.46,0.237,15
R5_RR3.5_SL1.5_TE0_CD0_BH9_BDnone,5,3.5,1.5,0,0,"[8, 10, 11, 12, 13]",[],4271.32,427132.4,470,31.91,1.8,13.3,0.2321,18
R7_RR3.5_SL1.5_TE360_CD4_BH9_BDnone,7,3.5,1.5,360,4,"[8, 10, 11, 12, 13]",[],4268.7,426870.32,441,32.88,1.78,10.45,0.2027,18
R7_RR2.5_SL2.0_TE360_CD4_BH913_BD2,7,2.5,2.0,360,4,"[8, 10, 11, 12]",[2],4263.14,426314.47,299,41.14,2.14,13.89,0.2647,14
R7_RR3.5_SL2.0_TE360_CD0_BH89_BDnone,7,3.5,2.0,360,0,"[10, 11, 12, 13]",[],4226.19,422619.24,380,32.63,1.63,19.73,0.2321,16
R7_RR3.0_SL2.0_TE0_CD0_BH9_BDnone,7,3.0,2.0,0,0,"[8, 10, 11, 12, 13]",[],4199.74,419973.8,470,34.04,1.58,21.09,0.1982,18
R5_RR2.5_SL2.5_TE0_CD0_BH9_BD2,5,2.5,2.5,0,0,"[8, 10, 11, 12, 13]",[2],4179.25,417924.7,396,38.13,1.67,21.23,0.2658,15
R7_RR2.5_SL2.0_TE360_CD0_BHnone_BDnone,7,2.5,2.0,360,0,all,[],4131.32,413132.42,573,36.3,1.48,19.5,0.1509,21
R5_RR3.5_SL2.0_TE0_CD4_BH89_BDnone,5,3.5,2.0,0,4,"[10, 11, 12, 13]",[],4129.82,412981.97,357,32.77,1.71,17.18,0.2984,15
R7_RR3.0_SL2.5_TE0_CD0_BH9_BD2,7,3.0,2.5,0,0,"[8, 10, 11, 12, 13]",[2],4101.38,410138.2,396,33.33,1.53,19.03,0.2435,15
R5_RR2.5_SL2.0_TE210_CD4_BH9_BD2,5,2.5,2.0,210,4,"[8, 10, 11, 12, 13]",[2],4096.43,409643.02,372,42.47,1.9,10.93,0.2551,14
R5_RR2.5_SL2.5_TE360_CD2_BH9_BDnone,5,2.5,2.5,360,2,"[8, 10, 11, 12, 13]",[],4005.03,400503.01,451,38.58,1.52,24.87,0.2301,16
R5_RR3.0_SL1.5_TE360_CD0_BH9_BD2,5,3.0,1.5,360,0,"[8, 10, 11, 12, 13]",[2],3981.87,398187.44,396,36.36,1.88,15.85,0.2425,15
R5_RR3.5_SL2.0_TE210_CD4_BH913_BD2,5,3.5,2.0,210,4,"[8, 10, 11, 12]",[2],3910.62,391061.95,295,41.36,2.29,10.7,0.3386,14
R5_RR3.5_SL1.5_TE210_CD2_BH9_BD2,5,3.5,1.5,210,2,"[8, 10, 11, 12, 13]",[2],3898.71,389870.75,382,35.6,2.03,12.47,0.2692,15
R7_RR2.5_SL2.0_TE210_CD2_BH9_BDnone,7,2.5,2.0,210,2,"[8, 10, 11, 12, 13]",[],3891.02,389101.83,458,40.83,1.63,13.37,0.1714,16
R5_RR3.5_SL1.5_TE360_CD0_BHnone_BD2,5,3.5,1.5,360,0,all,[2],3870.14,387014.49,481,30.77,1.94,13.34,0.2543,22
R5_RR3.5_SL1.5_TE210_CD0_BH9_BD2,5,3.5,1.5,210,0,"[8, 10, 11, 12, 13]",[2],3869.32,386931.9,396,35.35,1.99,15.8,0.2642,15
R7_RR2.5_SL2.0_TE360_CD4_BH913_BDnone,7,2.5,2.0,360,4,"[8, 10, 11, 12]",[],3868.88,386887.54,351,39.89,1.83,14.98,0.2314,16
R5_RR3.5_SL2.0_TE210_CD4_BHnone_BDnone,5,3.5,2.0,210,4,all,[],3856.07,385606.94,517,36.36,1.64,15.29,0.2204,18
R7_RR3.5_SL1.5_TE210_CD0_BH9_BDnone,7,3.5,1.5,210,0,"[8, 10, 11, 12, 13]",[],3800.65,380065.31,470,33.62,1.73,14.75,0.1918,18
R7_RR3.5_SL1.5_TE360_CD0_BH913_BD2,7,3.5,1.5,360,0,"[8, 10, 11, 12]",[2],3787.96,378796.44,313,34.19,2.14,17.23,0.2889,18
R5_RR2.5_SL2.5_TE360_CD2_BH913_BDnone,5,2.5,2.5,360,2,"[8, 10, 11, 12]",[],3787.54,378754.0,352,40.06,1.69,22.31,0.2847,16
R7_RR2.0_SL2.5_TE360_CD4_BHnone_BDnone,7,2.0,2.5,360,4,all,[],3786.12,378612.33,517,41.39,1.47,16.77,0.1622,16
R3_RR3.5_SL1.5_TE0_CD4_BH9_BDnone,3,3.5,1.5,0,4,"[8, 10, 11, 12, 13]",[],3753.75,375375.44,441,32.43,1.97,9.77,0.3448,18
R5_RR2.0_SL2.5_TE360_CD4_BH9_BD2,5,2.0,2.5,360,4,"[8, 10, 11, 12, 13]",[2],3737.64,373763.74,365,44.38,1.76,16.88,0.2605,13
R7_RR3.5_SL1.5_TE0_CD2_BH89_BD2,7,3.5,1.5,0,2,"[10, 11, 12, 13]",[2],3709.51,370950.75,309,33.66,1.93,9.91,0.2519,13
R5_RR2.5_SL2.0_TE210_CD4_BHnone_BD2,5,2.5,2.0,210,4,all,[2],3707.7,370769.5,435,40.23,1.74,12.8,0.2288,15
R7_RR3.5_SL1.5_TE360_CD4_BHnone_BD2,7,3.5,1.5,360,4,all,[2],3701.02,370102.3,436,31.19,2.07,9.13,0.2528,21
R7_RR2.5_SL2.0_TE0_CD0_BH913_BD2,7,2.5,2.0,0,0,"[8, 10, 11, 12]",[2],3694.44,369443.58,313,39.62,2.02,15.48,0.2708,15
R7_RR2.0_SL2.5_TE360_CD0_BH9_BDnone,7,2.0,2.5,360,0,"[8, 10, 11, 12, 13]",[],3678.21,367821.43,470,42.55,1.5,23.34,0.1729,18
R3_RR3.5_SL2.0_TE360_CD2_BH913_BDnone,3,3.5,2.0,360,2,"[8, 10, 11, 12]",[],3652.23,365223.24,359,34.82,2.11,10.63,0.4224,17
R7_RR3.0_SL1.5_TE360_CD2_BHnone_BD2,7,3.0,1.5,360,2,all,[2],3637.89,363789.17,457,33.26,1.76,12.66,0.1903,20
R7_RR2.5_SL2.0_TE360_CD2_BHnone_BD24,7,2.5,2.0,360,2,all,"[2, 4]",3617.7,361769.6,337,39.47,1.91,16.82,0.2298,12
R5_RR3.0_SL2.0_TE0_CD2_BH913_BDnone,5,3.0,2.0,0,2,"[8, 10, 11, 12]",[],3596.76,359675.6,359,35.65,1.82,16.3,0.2965,17
R7_RR2.5_SL2.0_TE360_CD2_BH89_BDnone,7,2.5,2.0,360,2,"[10, 11, 12, 13]",[],3578.4,357840.14,370,38.65,1.61,13.91,0.1973,12
R7_RR3.0_SL2.0_TE0_CD4_BHnone_BDnone,7,3.0,2.0,0,4,all,[],3576.29,357628.92,519,32.76,1.56,18.71,0.2064,18
R5_RR3.5_SL2.0_TE210_CD4_BH89_BD2,5,3.5,2.0,210,4,"[10, 11, 12, 13]",[2],3566.18,356617.74,300,41.0,1.92,15.82,0.3155,14
R5_RR3.0_SL2.0_TE0_CD4_BH913_BDnone,5,3.0,2.0,0,4,"[8, 10, 11, 12]",[],3533.21,353320.77,347,35.73,1.83,15.49,0.3004,17
R7_RR3.5_SL1.5_TE360_CD2_BHnone_BD24,7,3.5,1.5,360,2,all,"[2, 4]",3495.01,349501.09,338,33.43,2.07,13.04,0.2582,23
R5_RR2.5_SL2.5_TE0_CD0_BH913_BDnone,5,2.5,2.5,0,0,"[8, 10, 11, 12]",[],3493.41,349341.09,366,38.8,1.66,22.41,0.2794,18
R7_RR3.5_SL2.5_TE210_CD4_BH9_BD2,7,3.5,2.5,210,4,"[8, 10, 11, 12, 13]",[2],3492.85,349285.2,361,41.27,1.8,18.23,0.2501,12
R7_RR3.0_SL1.5_TE0_CD2_BHnone_BD2,7,3.0,1.5,0,2,all,[2],3474.93,347492.91,457,32.82,1.77,12.34,0.1957,20
R5_RR2.5_SL2.0_TE0_CD4_BH89_BDnone,5,2.5,2.0,0,4,"[10, 11, 12, 13]",[],3456.99,345698.65,357,38.66,1.67,11.62,0.2604,12
R5_RR2.5_SL2.0_TE360_CD0_BH913_BD2,5,2.5,2.0,360,0,"[8, 10, 11, 12]",[2],3444.92,344491.91,313,40.58,2.1,13.87,0.3141,15
R3_RR3.0_SL2.0_TE360_CD4_BH9_BDnone,3,3.0,2.0,360,4,"[8, 10, 11, 12, 13]",[],3437.46,343746.17,440,35.91,1.76,15.63,0.3351,17
R5_RR3.5_SL2.5_TE360_CD2_BH9_BD2,5,3.5,2.5,360,2,"[8, 10, 11, 12, 13]",[2],3436.24,343623.56,379,33.25,1.72,16.93,0.3062,14
R5_RR2.5_SL2.0_TE360_CD2_BH89_BDnone,5,2.5,2.0,360,2,"[10, 11, 12, 13]",[],3404.6,340460.17,370,38.65,1.65,13.51,0.2518,12
R7_RR3.0_SL1.5_TE360_CD2_BH913_BD2,7,3.0,1.5,360,2,"[8, 10, 11, 12]",[2],3395.44,339544.38,308,36.69,1.97,17.44,0.2497,17
R7_RR3.0_SL2.0_TE210_CD0_BH89_BD2,7,3.0,2.0,210,0,"[10, 11, 12, 13]",[2],3395.21,339521.04,321,40.19,1.75,21.28,0.2351,14
R7_RR3.5_SL2.0_TE120_CD2_BHnone_BD2,7,3.5,2.0,120,2,all,[2],3388.96,338896.26,461,43.17,1.57,22.91,0.1599,15
R3_RR3.5_SL2.0_TE360_CD4_BH913_BD2,3,3.5,2.0,360,4,"[8, 10, 11, 12]",[2],3367.9,336790.14,295,35.93,2.46,7.69,0.4947,15
R7_RR3.5_SL1.5_TE360_CD2_BH913_BDnone,7,3.5,1.5,360,2,"[8, 10, 11, 12]",[],3343.98,334397.88,360,33.06,1.84,16.08,0.2655,18
R3_RR3.5_SL2.0_TE360_CD0_BH913_BDnone,3,3.5,2.0,360,0,"[8, 10, 11, 12]",[],3323.44,332344.42,366,34.15,2.05,10.4,0.409,18
R7_RR3.0_SL2.5_TE360_CD0_BH89_BD2,7,3.0,2.5,360,0,"[10, 11, 12, 13]",[2],3317.22,331722.05,321,35.51,1.55,23.25,0.2662,17
R5_RR2.0_SL2.5_TE360_CD2_BH9_BDnone,5,2.0,2.5,360,2,"[8, 10, 11, 12, 13]",[],3312.53,331253.21,451,42.79,1.53,21.11,0.2156,16
R3_RR3.5_SL2.0_TE0_CD2_BH913_BD2,3,3.5,2.0,0,2,"[8, 10, 11, 12]",[2],3307.0,330699.72,306,34.64,2.42,7.69,0.4842,15
R5_RR2.0_SL2.0_TE360_CD4_BHnone_BD2,5,2.0,2.0,360,4,all,[2],3297.08,329708.06,438,42.69,1.67,13.81,0.2127,16
R7_RR3.5_SL1.5_TE0_CD4_BH9_BD24,7,3.5,1.5,0,4,"[8, 10, 11, 12, 13]","[2, 4]",3295.56,329556.09,278,34.89,2.13,17.22,0.2843,18
R5_RR2.5_SL2.5_TE360_CD4_BH913_BD2,5,2.5,2.5,360,4,"[8, 10, 11, 12]",[2],3277.52,327752.2,289,40.48,1.83,18.64,0.3295,14
R5_RR3.0_SL2.0_TE210_CD0_BHnone_BDnone,5,3.0,2.0,210,0,all,[],3277.42,327742.39,573,36.13,1.51,19.26,0.1977,21
R7_RR2.0_SL2.5_TE360_CD2_BH913_BD2,7,2.0,2.5,360,2,"[8, 10, 11, 12]",[2],3262.2,326219.6,301,44.52,1.81,23.55,0.2517,13
R7_RR3.0_SL1.5_TE0_CD4_BH89_BDnone,7,3.0,1.5,0,4,"[10, 11, 12, 13]",[],3249.19,324918.73,355,35.77,1.64,11.06,0.1891,12
R7_RR2.5_SL1.5_TE0_CD0_BH9_BD2,7,2.5,1.5,0,0,"[8, 10, 11, 12, 13]",[2],3231.31,323130.99,396,38.38,1.75,14.36,0.1821,16
R5_RR2.0_SL2.5_TE0_CD4_BH9_BD2,5,2.0,2.5,0,4,"[8, 10, 11, 12, 13]",[2],3221.73,322172.52,365,43.29,1.71,18.08,0.2582,13
R7_RR3.0_SL2.0_TE0_CD0_BH9_BD24,7,3.0,2.0,0,0,"[8, 10, 11, 12, 13]","[2, 4]",3201.35,320135.14,293,35.49,1.8,17.66,0.2628,11
R7_RR2.0_SL2.0_TE360_CD2_BH89_BD2,7,2.0,2.0,360,2,"[10, 11, 12, 13]",[2],3183.68,318368.25,312,44.87,1.7,13.25,0.2072,12
R7_RR2.5_SL2.5_TE0_CD2_BHnone_BD2,7,2.5,2.5,0,2,all,[2],3169.13,316912.72,454,35.68,1.51,16.96,0.215,17
R7_RR2.0_SL2.5_TE0_CD2_BH89_BD2,7,2.0,2.5,0,2,"[10, 11, 12, 13]",[2],3165.5,316549.69,306,43.14,1.62,18.98,0.2341,13
R5_RR2.0_SL2.0_TE0_CD0_BH9_BD2,5,2.0,2.0,0,0,"[8, 10, 11, 12, 13]",[2],3163.26,316325.73,396,43.18,1.7,13.31,0.229,15
R5_RR3.0_SL1.5_TE360_CD0_BH89_BDnone,5,3.0,1.5,360,0,"[10, 11, 12, 13]",[],3160.52,316051.64,380,35.53,1.63,11.64,0.2329,12
R7_RR3.0_SL1.5_TE0_CD0_BHnone_BD24,7,3.0,1.5,0,0,all,"[2, 4]",3155.05,315505.06,355,34.65,1.82,14.39,0.2057,16
R3_RR3.5_SL2.0_TE360_CD0_BH913_BD2,3,3.5,2.0,360,0,"[8, 10, 11, 12]",[2],3146.74,314674.31,313,35.14,2.36,8.02,0.4677,16
R5_RR2.0_SL2.5_TE360_CD2_BHnone_BDnone,5,2.0,2.5,360,2,all,[],3106.76,310676.16,544,40.99,1.43,18.1,0.1863,17
R5_RR3.0_SL2.0_TE0_CD0_BH913_BDnone,5,3.0,2.0,0,0,"[8, 10, 11, 12]",[],3104.88,310488.17,366,34.97,1.76,15.72,0.2896,18
R7_RR2.5_SL1.5_TE210_CD2_BH9_BD2,7,2.5,1.5,210,2,"[8, 10, 11, 12, 13]",[2],3104.49,310448.56,382,39.01,1.8,12.39,0.1878,15
R7_RR3.5_SL2.0_TE0_CD4_BH913_BD24,7,3.5,2.0,0,4,"[8, 10, 11, 12]","[2, 4]",3096.26,309626.42,219,34.25,1.99,12.6,0.3634,13
R7_RR2.5_SL2.0_TE360_CD2_BH89_BD24,7,2.5,2.0,360,2,"[10, 11, 12, 13]","[2, 4]",3082.68,308267.83,224,42.41,2.11,19.64,0.2976,9
R3_RR2.5_SL2.0_TE360_CD4_BH9_BD2,3,2.5,2.0,360,4,"[8, 10, 11, 12, 13]",[2],3080.49,308049.46,373,41.02,2.01,10.12,0.3688,14
R7_RR3.0_SL2.0_TE0_CD0_BHnone_BDnone,7,3.0,2.0,0,0,all,[],3076.97,307696.98,573,31.76,1.47,21.41,0.206,21
R7_RR3.5_SL1.5_TE0_CD4_BH913_BDnone,7,3.5,1.5,0,4,"[8, 10, 11, 12]",[],3067.98,306798.3,349,32.38,1.88,13.14,0.28,18
R7_RR2.0_SL2.0_TE0_CD2_BH89_BD2,7,2.0,2.0,0,2,"[10, 11, 12, 13]",[2],3065.35,306534.99,312,44.23,1.67,13.74,0.207,12
R7_RR3.0_SL1.5_TE0_CD2_BHnone_BD24,7,3.0,1.5,0,2,all,"[2, 4]",3065.2,306519.58,338,34.91,1.83,14.79,0.2127,15
R5_RR3.0_SL2.0_TE210_CD0_BH913_BDnone,5,3.0,2.0,210,0,"[8, 10, 11, 12]",[],3064.8,306479.86,366,40.44,1.86,14.1,0.2687,14
R5_RR3.5_SL1.5_TE210_CD4_BH89_BDnone,5,3.5,1.5,210,4,"[10, 11, 12, 13]",[],3031.29,303128.56,354,35.03,1.76,12.07,0.2604,12
R5_RR2.5_SL2.5_TE0_CD4_BH89_BDnone,5,2.5,2.5,0,4,"[10, 11, 12, 13]",[],3030.88,303087.96,351,38.46,1.47,26.41,0.2674,12
R7_RR3.0_SL1.5_TE210_CD0_BHnone_BD2,7,3.0,1.5,210,0,all,[2],3018.83,301883.26,481,33.68,1.66,18.1,0.1909,20
R5_RR2.0_SL2.0_TE0_CD2_BHnone_BD2,5,2.0,2.0,0,2,all,[2],3010.88,301087.88,458,41.48,1.6,15.57,0.2039,16
R7_RR2.0_SL2.5_TE0_CD0_BHnone_BD2,7,2.0,2.5,0,0,all,[2],2963.01,296300.92,481,40.12,1.47,19.25,0.1877,19
R3_RR3.5_SL2.0_TE360_CD0_BH89_BD2,3,3.5,2.0,360,0,"[10, 11, 12, 13]",[2],2935.35,293534.91,321,34.27,1.94,14.07,0.4473,18
R3_RR3.5_SL2.0_TE0_CD0_BH913_BD2,3,3.5,2.0,0,0,"[8, 10, 11, 12]",[2],2933.62,293361.93,313,33.87,2.33,7.71,0.4646,16
R5_RR2.0_SL2.5_TE0_CD2_BH9_BD2,5,2.0,2.5,0,2,"[8, 10, 11, 12, 13]",[2],2907.48,290747.8,379,42.74,1.64,18.93,0.2489,13
R7_RR3.0_SL1.5_TE360_CD0_BHnone_BDnone,7,3.0,1.5,360,0,all,[],2897.09,289708.97,573,31.24,1.46,19.88,0.1667,26
R5_RR3.5_SL1.5_TE0_CD0_BHnone_BDnone,5,3.5,1.5,0,0,all,[],2892.73,289273.47,573,28.8,1.7,11.86,0.2344,26
R5_RR3.5_SL2.0_TE360_CD2_BH89_BD24,5,3.5,2.0,360,2,"[10, 11, 12, 13]","[2, 4]",2884.19,288418.53,224,35.71,2.02,18.07,0.4155,14
R5_RR2.5_SL1.5_TE0_CD4_BH9_BDnone,5,2.5,1.5,0,4,"[8, 10, 11, 12, 13]",[],2849.55,284954.98,443,37.7,1.67,13.48,0.2073,19
R7_RR3.0_SL2.0_TE210_CD0_BH9_BD24,7,3.0,2.0,210,0,"[8, 10, 11, 12, 13]","[2, 4]",2844.89,284489.08,293,39.59,1.87,21.23,0.2489,12
R7_RR3.5_SL1.5_TE210_CD2_BHnone_BD2,7,3.5,1.5,210,2,all,[2],2840.76,284075.66,456,32.68,1.93,10.93,0.252,20
R7_RR2.0_SL2.0_TE210_CD0_BH9_BDnone,7,2.0,2.0,210,0,"[8, 10, 11, 12, 13]",[],2839.59,283958.9,470,43.19,1.46,19.95,0.1522,17
R5_RR3.5_SL1.5_TE0_CD0_BH89_BD24,5,3.5,1.5,0,0,"[10, 11, 12, 13]","[2, 4]",2829.39,282939.04,229,35.81,2.23,18.29,0.3858,15
R5_RR2.5_SL2.5_TE360_CD2_BHnone_BD2,5,2.5,2.5,360,2,all,[2],2819.37,281936.84,454,36.56,1.54,16.3,0.2343,17
R5_RR3.5_SL1.5_TE210_CD2_BH9_BD24,5,3.5,1.5,210,2,"[8, 10, 11, 12, 13]","[2, 4]",2808.56,280856.24,284,37.68,2.11,19.57,0.3239,18
R5_RR3.0_SL1.5_TE120_CD4_BH9_BD2,5,3.0,1.5,120,4,"[8, 10, 11, 12, 13]",[2],2805.15,280515.04,378,42.59,1.89,12.74,0.238,15
R7_RR3.0_SL2.0_TE360_CD2_BHnone_BD24,7,3.0,2.0,360,2,all,"[2, 4]",2801.64,280164.35,335,34.63,1.71,21.5,0.2568,17
R5_RR2.0_SL2.5_TE0_CD0_BH9_BD2,5,2.0,2.5,0,0,"[8, 10, 11, 12, 13]",[2],2797.82,279781.51,396,42.42,1.61,21.05,0.2423,15
R5_RR2.5_SL1.5_TE0_CD2_BH9_BDnone,5,2.5,1.5,0,2,"[8, 10, 11, 12, 13]",[],2796.21,279620.87,453,37.53,1.61,13.83,0.2008,19
R7_RR3.0_SL1.5_TE210_CD0_BH89_BDnone,7,3.0,1.5,210,0,"[10, 11, 12, 13]",[],2786.49,278648.73,380,36.05,1.54,14.23,0.1764,12
R5_RR3.5_SL1.5_TE210_CD0_BH913_BDnone,5,3.5,1.5,210,0,"[8, 10, 11, 12]",[],2778.92,277891.84,366,34.43,1.87,16.2,0.2852,15
R7_RR2.0_SL2.0_TE0_CD4_BH89_BDnone,7,2.0,2.0,0,4,"[10, 11, 12, 13]",[],2761.04,276104.06,357,43.42,1.49,18.74,0.1787,12
R5_RR3.5_SL1.5_TE360_CD2_BH89_BD24,5,3.5,1.5,360,2,"[10, 11, 12, 13]","[2, 4]",2756.11,275610.85,222,36.94,2.18,18.7,0.3916,13
R7_RR3.0_SL1.5_TE210_CD2_BH89_BDnone,7,3.0,1.5,210,2,"[10, 11, 12, 13]",[],2755.87,275586.61,363,36.36,1.57,12.68,0.1815,12
R7_RR3.0_SL2.0_TE120_CD2_BH913_BD2,7,3.0,2.0,120,2,"[8, 10, 11, 12]",[2],2748.3,274830.23,308,47.08,1.94,12.22,0.2289,11
R5_RR3.5_SL1.5_TE360_CD2_BH913_BD24,5,3.5,1.5,360,2,"[8, 10, 11, 12]","[2, 4]",2720.59,272058.77,228,36.4,2.35,11.14,0.414,18
R5_RR2.0_SL2.5_TE0_CD0_BHnone_BDnone,5,2.0,2.5,0,0,all,[],2717.02,271702.23,573,39.97,1.38,20.97,0.1799,21
R7_RR2.0_SL2.5_TE0_CD0_BH913_BD2,7,2.0,2.5,0,0,"[8, 10, 11, 12]",[2],2708.11,270810.99,313,43.13,1.73,23.47,0.2503,15
R5_RR2.5_SL2.0_TE360_CD4_BH89_BD24,5,2.5,2.0,360,4,"[10, 11, 12, 13]","[2, 4]",2682.18,268218.18,217,42.86,2.09,21.36,0.3787,9
R7_RR3.5_SL1.5_TE120_CD4_BH89_BD2,7,3.5,1.5,120,4,"[10, 11, 12, 13]",[2],2670.18,267017.9,305,43.93,1.87,12.52,0.2123,10
R5_RR2.0_SL2.5_TE360_CD2_BH913_BDnone,5,2.0,2.5,360,2,"[8, 10, 11, 12]",[],2669.64,266964.28,352,44.03,1.66,25.02,0.2586,15
R3_RR3.0_SL1.5_TE0_CD0_BH89_BD2,3,3.0,1.5,0,0,"[10, 11, 12, 13]",[2],2643.42,264341.77,321,36.45,1.9,13.25,0.4013,14
R7_RR3.0_SL2.0_TE120_CD2_BH89_BD2,7,3.0,2.0,120,2,"[10, 11, 12, 13]",[2],2642.19,264219.3,315,47.62,1.7,16.09,0.2033,8
R3_RR3.0_SL1.5_TE0_CD4_BH89_BD2,3,3.0,1.5,0,4,"[10, 11, 12, 13]",[2],2635.37,263537.46,301,36.88,2.02,11.85,0.4249,13
R5_RR3.5_SL1.5_TE120_CD0_BH9_BDnone,5,3.5,1.5,120,0,"[8, 10, 11, 12, 13]",[],2624.48,262447.67,470,40.0,1.71,18.27,0.2122,18
R3_RR3.0_SL1.5_TE360_CD2_BH89_BD2,3,3.0,1.5,360,2,"[10, 11, 12, 13]",[2],2609.31,260930.95,309,37.22,1.94,11.9,0.4129,13
R5_RR2.5_SL2.5_TE0_CD2_BHnone_BDnone,5,2.5,2.5,0,2,all,[],2600.49,260049.47,544,35.29,1.42,21.13,0.208,17
R7_RR2.0_SL2.0_TE210_CD0_BH89_BD2,7,2.0,2.0,210,0,"[10, 11, 12, 13]",[2],2600.14,260014.19,321,44.55,1.57,16.65,0.1932,12
R5_RR2.0_SL2.5_TE360_CD4_BH913_BDnone,5,2.0,2.5,360,4,"[8, 10, 11, 12]",[],2595.26,259526.08,341,44.28,1.66,25.18,0.263,15
R5_RR2.0_SL2.0_TE0_CD0_BH9_BDnone,5,2.0,2.0,0,0,"[8, 10, 11, 12, 13]",[],2590.51,259050.76,470,41.91,1.48,16.65,0.193,18
R7_RR3.0_SL1.5_TE120_CD0_BH89_BD2,7,3.0,1.5,120,0,"[10, 11, 12, 13]",[2],2589.78,258978.11,321,44.24,1.75,12.85,0.1928,9
R5_RR3.0_SL1.5_TE360_CD2_BH913_BDnone,5,3.0,1.5,360,2,"[8, 10, 11, 12]",[],2584.42,258442.07,360,35.0,1.73,16.87,0.27,18
R7_RR2.5_SL1.5_TE0_CD0_BH9_BD24,7,2.5,1.5,0,0,"[8, 10, 11, 12, 13]","[2, 4]",2582.79,258278.68,293,40.27,1.88,20.57,0.2209,12
R5_RR2.0_SL2.0_TE120_CD4_BH9_BD2,5,2.0,2.0,120,4,"[8, 10, 11, 12, 13]",[2],2567.78,256777.97,377,49.07,1.68,14.68,0.2179,13
R5_RR3.0_SL1.5_TE360_CD2_BHnone_BDnone,5,3.0,1.5,360,2,all,[],2554.62,255461.88,545,31.74,1.54,12.84,0.1989,26
R5_RR3.0_SL2.0_TE360_CD2_BH89_BD24,5,3.0,2.0,360,2,"[10, 11, 12, 13]","[2, 4]",2543.42,254341.78,224,38.39,1.89,19.86,0.3799,9
R3_RR3.5_SL1.5_TE360_CD2_BH913_BDnone,3,3.5,1.5,360,2,"[8, 10, 11, 12]",[],2527.1,252710.12,360,33.06,2.06,9.92,0.3914,18
R7_RR3.0_SL1.5_TE210_CD4_BHnone_BD2,7,3.0,1.5,210,4,all,[2],2526.71,252671.29,435,33.79,1.73,12.24,0.2111,19
R7_RR2.0_SL2.0_TE0_CD2_BH913_BD2,7,2.0,2.0,0,2,"[8, 10, 11, 12]",[2],2518.47,251847.39,308,43.83,1.83,14.63,0.2377,14
R5_RR3.0_SL2.0_TE360_CD4_BH89_BD24,5,3.0,2.0,360,4,"[10, 11, 12, 13]","[2, 4]",2517.05,251705.27,217,38.71,1.89,20.0,0.3877,9
R5_RR3.0_SL1.5_TE360_CD4_BH89_BD24,5,3.0,1.5,360,4,"[10, 11, 12, 13]","[2, 4]",2514.53,251453.12,218,39.91,2.02,19.99,0.363,10
R7_RR3.0_SL1.5_TE120_CD2_BH89_BD2,7,3.0,1.5,120,2,"[10, 11, 12, 13]",[2],2506.14,250614.11,312,44.23,1.76,13.21,0.1958,10
R5_RR2.5_SL2.0_TE0_CD4_BH89_BD24,5,2.5,2.0,0,4,"[10, 11, 12, 13]","[2, 4]",2504.06,250405.51,217,41.47,2.02,22.13,0.3773,9
R5_RR2.5_SL1.5_TE360_CD2_BH89_BDnone,5,2.5,1.5,360,2,"[10, 11, 12, 13]",[],2504.0,250400.44,364,38.74,1.6,14.18,0.2245,13
R7_RR3.5_SL2.0_TE120_CD2_BH913_BD2,7,3.5,2.0,120,2,"[8, 10, 11, 12]",[2],2498.44,249844.48,308,46.75,1.83,12.74,0.2247,11
R7_RR3.5_SL2.5_TE120_CD4_BH9_BD2,7,3.5,2.5,120,4,"[8, 10, 11, 12, 13]",[2],2489.81,248980.72,370,49.19,1.55,22.63,0.1846,12
R7_RR2.5_SL1.5_TE360_CD0_BH89_BDnone,7,2.5,1.5,360,0,"[10, 11, 12, 13]",[],2486.35,248635.03,380,38.16,1.51,15.89,0.1699,13
R7_RR3.0_SL2.0_TE360_CD4_BHnone_BD24,7,3.0,2.0,360,4,all,"[2, 4]",2459.16,245916.16,318,34.28,1.65,24.43,0.2566,17
R5_RR2.5_SL1.5_TE0_CD0_BH89_BDnone,5,2.5,1.5,0,0,"[10, 11, 12, 13]",[],2456.73,245672.77,380,37.89,1.56,14.41,0.2159,13
R7_RR2.5_SL1.5_TE120_CD2_BH89_BD2,7,2.5,1.5,120,2,"[10, 11, 12, 13]",[2],2456.28,245628.38,312,45.83,1.76,13.44,0.1881,9
R5_RR2.5_SL2.0_TE0_CD2_BH89_BD24,5,2.5,2.0,0,2,"[10, 11, 12, 13]","[2, 4]",2455.65,245564.64,224,41.07,2.0,22.36,0.3677,9
R7_RR2.0_SL2.0_TE360_CD0_BH89_BDnone,7,2.0,2.0,360,0,"[10, 11, 12, 13]",[],2448.95,244895.3,380,42.11,1.42,21.6,0.1703,13
R7_RR3.0_SL1.5_TE210_CD2_BH913_BD24,7,3.0,1.5,210,2,"[8, 10, 11, 12]","[2, 4]",2446.38,244637.73,228,39.91,2.17,12.34,0.2912,10
R7_RR3.5_SL2.0_TE120_CD4_BH913_BD2,7,3.5,2.0,120,4,"[8, 10, 11, 12]",[2],2442.06,244205.77,301,46.84,1.83,13.43,0.2307,11
R7_RR2.5_SL1.5_TE0_CD2_BH9_BD24,7,2.5,1.5,0,2,"[8, 10, 11, 12, 13]","[2, 4]",2433.63,243362.51,285,40.35,1.83,21.67,0.2222,12
R5_RR2.0_SL2.0_TE120_CD2_BH9_BD2,5,2.0,2.0,120,2,"[8, 10, 11, 12, 13]",[2],2425.19,242519.44,389,48.33,1.63,15.11,0.2095,13
R3_RR2.5_SL2.0_TE0_CD0_BH9_BD2,3,2.5,2.0,0,0,"[8, 10, 11, 12, 13]",[2],2419.73,241972.55,396,39.14,1.88,12.72,0.3353,15
R7_RR2.5_SL2.5_TE0_CD0_BH913_BD24,7,2.5,2.5,0,0,"[8, 10, 11, 12]","[2, 4]",2419.6,241960.09,231,39.39,1.73,15.95,0.311,13
R7_RR2.5_SL1.5_TE210_CD2_BH89_BDnone,7,2.5,1.5,210,2,"[10, 11, 12, 13]",[],2413.68,241367.72,363,38.84,1.56,14.62,0.1743,12
R5_RR3.0_SL1.5_TE120_CD4_BH9_BDnone,5,3.0,1.5,120,4,"[8, 10, 11, 12, 13]",[],2402.17,240217.08,447,40.94,1.66,19.89,0.2073,18
R3_RR2.5_SL2.0_TE0_CD4_BHnone_BDnone,3,2.5,2.0,0,4,all,[],2401.3,240129.76,523,36.9,1.59,12.71,0.2599,18
R5_RR2.0_SL2.5_TE0_CD4_BH89_BDnone,5,2.0,2.5,0,4,"[10, 11, 12, 13]",[],2398.53,239853.01,351,42.74,1.47,19.14,0.2447,11
R7_RR3.0_SL1.5_TE0_CD4_BHnone_BDnone,7,3.0,1.5,0,4,all,[],2397.64,239764.25,522,31.42,1.51,12.57,0.1917,25
R7_RR2.0_SL2.0_TE360_CD0_BH89_BD24,7,2.0,2.0,360,0,"[10, 11, 12, 13]","[2, 4]",2385.88,238588.45,229,46.29,1.83,23.95,0.2574,9
R3_RR3.0_SL2.0_TE0_CD2_BH913_BD2,3,3.0,2.0,0,2,"[8, 10, 11, 12]",[2],2367.63,236763.05,306,36.93,2.2,10.05,0.4375,15
R7_RR2.0_SL2.5_TE210_CD0_BH913_BDnone,7,2.0,2.5,210,0,"[8, 10, 11, 12]",[],2365.94,236594.48,366,46.45,1.59,25.75,0.1996,14
R7_RR3.0_SL2.0_TE120_CD0_BH9_BDnone,7,3.0,2.0,120,0,"[8, 10, 11, 12, 13]",[],2353.71,235370.76,470,44.47,1.46,25.42,0.1646,17
R5_RR3.0_SL1.5_TE210_CD4_BHnone_BD2,5,3.0,1.5,210,4,all,[2],2347.15,234715.39,435,33.79,1.77,12.14,0.2342,19
R5_RR3.0_SL2.0_TE120_CD2_BH9_BDnone,5,3.0,2.0,120,2,"[8, 10, 11, 12, 13]",[],2324.7,232470.34,463,45.14,1.51,22.02,0.1959,16
R5_RR3.0_SL1.5_TE210_CD0_BH89_BD24,5,3.0,1.5,210,0,"[10, 11, 12, 13]","[2, 4]",2304.38,230438.44,229,41.05,2.02,21.46,0.3403,10
R7_RR2.0_SL2.5_TE360_CD2_BH89_BD24,7,2.0,2.5,360,2,"[10, 11, 12, 13]","[2, 4]",2303.35,230335.13,219,45.66,1.77,29.04,0.2841,9
R5_RR3.5_SL1.5_TE0_CD4_BH913_BD24,5,3.5,1.5,0,4,"[8, 10, 11, 12]","[2, 4]",2285.62,228561.78,222,34.68,2.28,12.43,0.42,18
R7_RR3.0_SL2.5_TE0_CD2_BH913_BD2,7,3.0,2.5,0,2,"[8, 10, 11, 12]",[2],2273.29,227329.0,301,33.89,1.52,23.07,0.2912,14
R5_RR3.5_SL1.5_TE210_CD0_BH89_BD24,5,3.5,1.5,210,0,"[10, 11, 12, 13]","[2, 4]",2265.39,226538.84,229,38.86,2.09,21.49,0.3629,15
R3_RR3.0_SL2.0_TE0_CD2_BHnone_BDnone,3,3.0,2.0,0,2,all,[],2261.42,226141.73,546,32.42,1.6,16.44,0.2677,18
R3_RR3.0_SL2.0_TE0_CD4_BH913_BD2,3,3.0,2.0,0,4,"[8, 10, 11, 12]",[2],2249.81,224981.08,295,36.95,2.2,9.68,0.4433,15
R5_RR2.0_SL1.5_TE360_CD4_BH9_BD2,5,2.0,1.5,360,4,"[8, 10, 11, 12, 13]",[2],2235.7,223570.08,375,42.67,1.7,16.37,0.2161,16
R7_RR2.5_SL2.0_TE210_CD4_BH913_BD24,7,2.5,2.0,210,4,"[8, 10, 11, 12]","[2, 4]",2229.92,222992.07,223,43.5,2.0,15.41,0.291,10
R7_RR3.0_SL1.5_TE210_CD4_BHnone_BD24,7,3.0,1.5,210,4,all,"[2, 4]",2214.33,221432.84,323,35.29,1.73,20.23,0.2269,16
R3_RR3.5_SL1.5_TE0_CD2_BHnone_BD24,3,3.5,1.5,0,2,all,"[2, 4]",2205.82,220581.75,338,32.84,2.16,14.85,0.4,23
R7_RR3.0_SL2.0_TE210_CD4_BHnone_BD24,7,3.0,2.0,210,4,all,"[2, 4]",2183.09,218309.21,316,37.03,1.66,26.3,0.2432,16
R3_RR3.5_SL1.5_TE0_CD0_BH89_BD24,3,3.5,1.5,0,0,"[10, 11, 12, 13]","[2, 4]",2175.19,217518.82,229,35.81,2.23,18.9,0.5443,15
R5_RR2.0_SL1.5_TE360_CD0_BH9_BD2,5,2.0,1.5,360,0,"[8, 10, 11, 12, 13]",[2],2166.03,216602.6,396,42.17,1.6,21.04,0.2043,16
R3_RR2.5_SL2.5_TE360_CD0_BH913_BDnone,3,2.5,2.5,360,0,"[8, 10, 11, 12]",[],2156.17,215617.28,366,39.89,1.75,18.05,0.3528,18
R5_RR2.0_SL1.5_TE0_CD4_BH9_BDnone,5,2.0,1.5,0,4,"[8, 10, 11, 12, 13]",[],2155.48,215548.15,444,42.12,1.53,16.59,0.1841,19
R3_RR3.5_SL2.5_TE360_CD4_BH9_BD2,3,3.5,2.5,360,4,"[8, 10, 11, 12, 13]",[2],2143.56,214355.6,363,34.16,1.84,12.25,0.3791,13
R3_RR3.0_SL2.0_TE210_CD0_BH9_BDnone,3,3.0,2.0,210,0,"[8, 10, 11, 12, 13]",[],2140.85,214085.31,470,38.3,1.69,17.05,0.2848,17
R7_RR3.5_SL2.0_TE210_CD2_BH89_BD24,7,3.5,2.0,210,2,"[10, 11, 12, 13]","[2, 4]",2138.53,213853.27,223,41.26,1.83,24.77,0.2963,10
R5_RR3.0_SL2.0_TE210_CD2_BH913_BD24,5,3.0,2.0,210,2,"[8, 10, 11, 12]","[2, 4]",2117.19,211718.74,226,42.92,2.1,12.7,0.3627,10
R5_RR2.5_SL1.5_TE360_CD0_BH89_BD24,5,2.5,1.5,360,0,"[10, 11, 12, 13]","[2, 4]",2103.43,210343.37,229,42.36,1.93,22.56,0.3254,10
R7_RR2.0_SL1.5_TE210_CD0_BH9_BDnone,7,2.0,1.5,210,0,"[8, 10, 11, 12, 13]",[],2086.8,208679.62,470,41.28,1.42,24.79,0.1398,18
R5_RR2.5_SL1.5_TE120_CD2_BH9_BDnone,5,2.5,1.5,120,2,"[8, 10, 11, 12, 13]",[],2083.0,208299.81,456,42.32,1.57,22.26,0.1894,18
R5_RR2.0_SL1.5_TE210_CD4_BH9_BD2,5,2.0,1.5,210,4,"[8, 10, 11, 12, 13]",[2],2070.43,207043.05,375,42.4,1.7,17.09,0.2162,15
R5_RR3.0_SL2.5_TE210_CD4_BH89_BD2,5,3.0,2.5,210,4,"[10, 11, 12, 13]",[2],2068.22,206822.09,293,44.71,1.64,22.6,0.2887,9
R7_RR2.0_SL1.5_TE210_CD4_BH89_BD2,7,2.0,1.5,210,4,"[10, 11, 12, 13]",[2],2068.2,206820.03,302,43.38,1.68,16.8,0.1928,12
R5_RR3.5_SL2.5_TE360_CD4_BHnone_BDnone,5,3.5,2.5,360,4,all,[],2061.35,206134.95,515,31.84,1.46,29.41,0.246,18
R5_RR2.5_SL1.5_TE360_CD0_BH913_BD2,5,2.5,1.5,360,0,"[8, 10, 11, 12]",[2],2030.11,203010.55,313,38.66,1.85,17.04,0.277,16
R5_RR2.0_SL2.0_TE120_CD4_BH89_BD2,5,2.0,2.0,120,4,"[10, 11, 12, 13]",[2],2029.16,202915.91,303,50.5,1.63,16.01,0.2436,8
R7_RR2.0_SL2.5_TE210_CD2_BH89_BDnone,7,2.0,2.5,210,2,"[10, 11, 12, 13]",[],2028.87,202886.71,363,44.63,1.37,24.79,0.1803,10
R7_RR2.0_SL1.5_TE120_CD4_BH9_BD2,7,2.0,1.5,120,4,"[8, 10, 11, 12, 13]",[2],2026.92,202692.25,378,44.97,1.59,17.37,0.1624,15
R3_RR2.0_SL2.0_TE0_CD4_BH9_BD2,3,2.0,2.0,0,4,"[8, 10, 11, 12, 13]",[2],2019.81,201981.12,375,44.8,1.79,11.81,0.318,14
R3_RR3.5_SL2.0_TE0_CD4_BH9_BD24,3,3.5,2.0,0,4,"[8, 10, 11, 12, 13]","[2, 4]",2017.33,201733.34,274,33.58,2.02,16.48,0.4684,12
R5_RR3.0_SL2.5_TE0_CD4_BH89_BDnone,5,3.0,2.5,0,4,"[10, 11, 12, 13]",[],2008.67,200866.67,351,33.33,1.32,30.2,0.2744,13
R7_RR2.0_SL1.5_TE210_CD0_BH9_BD24,7,2.0,1.5,210,0,"[8, 10, 11, 12, 13]","[2, 4]",2000.68,200068.01,293,44.71,1.78,24.91,0.2,12
R7_RR2.5_SL2.0_TE120_CD2_BH913_BDnone,7,2.5,2.0,120,2,"[8, 10, 11, 12]",[],2000.6,200060.35,361,47.09,1.68,17.23,0.1959,13
R5_RR2.0_SL1.5_TE210_CD0_BH9_BD2,5,2.0,1.5,210,0,"[8, 10, 11, 12, 13]",[2],1986.86,198686.1,396,41.92,1.6,22.19,0.2051,15
R5_RR2.5_SL1.5_TE0_CD0_BHnone_BD24,5,2.5,1.5,0,0,all,"[2, 4]",1974.15,197415.2,355,37.18,1.67,21.28,0.2375,16
R5_RR2.0_SL1.5_TE360_CD4_BH89_BDnone,5,2.0,1.5,360,4,"[10, 11, 12, 13]",[],1974.06,197406.34,356,43.54,1.54,17.95,0.2097,13
R7_RR2.5_SL2.5_TE210_CD4_BH913_BD2,7,2.5,2.5,210,4,"[8, 10, 11, 12]",[2],1961.24,196124.3,289,44.64,1.68,19.49,0.2424,14
R5_RR2.0_SL1.5_TE0_CD0_BH89_BD2,5,2.0,1.5,0,0,"[10, 11, 12, 13]",[2],1959.68,195968.07,321,42.99,1.62,16.95,0.2308,13
R3_RR3.5_SL1.5_TE120_CD2_BH9_BD2,3,3.5,1.5,120,2,"[8, 10, 11, 12, 13]",[2],1938.28,193828.01,386,42.23,1.93,13.63,0.3233,15
R5_RR3.5_SL1.5_TE210_CD2_BHnone_BDnone,5,3.5,1.5,210,2,all,[],1933.17,193317.34,544,30.88,1.67,14.02,0.2342,26
R3_RR3.5_SL2.0_TE360_CD2_BH913_BD24,3,3.5,2.0,360,2,"[8, 10, 11, 12]","[2, 4]",1932.41,193241.47,226,36.73,2.41,7.62,0.5541,13
R3_RR2.5_SL1.5_TE360_CD4_BH9_BD2,3,2.5,1.5,360,4,"[8, 10, 11, 12, 13]",[2],1921.13,192112.66,374,39.04,1.87,13.5,0.3226,16
R5_RR2.0_SL2.0_TE210_CD4_BH9_BD24,5,2.0,2.0,210,4,"[8, 10, 11, 12, 13]","[2, 4]",1915.76,191575.89,279,46.24,1.68,25.46,0.2675,10
R7_RR2.0_SL1.5_TE0_CD0_BH89_BDnone,7,2.0,1.5,0,0,"[10, 11, 12, 13]",[],1914.54,191453.81,380,42.37,1.42,22.18,0.1521,13
R3_RR2.5_SL1.5_TE360_CD2_BH9_BD2,3,2.5,1.5,360,2,"[8, 10, 11, 12, 13]",[2],1910.23,191022.78,383,38.9,1.8,13.5,0.3152,16
R5_RR2.0_SL1.5_TE0_CD2_BH89_BDnone,5,2.0,1.5,0,2,"[10, 11, 12, 13]",[],1904.57,190457.19,365,43.01,1.51,18.25,0.2022,13
R7_RR2.5_SL1.5_TE210_CD2_BH913_BDnone,7,2.5,1.5,210,2,"[8, 10, 11, 12]",[],1900.35,190035.11,360,37.78,1.62,17.65,0.2105,15
R5_RR3.0_SL2.5_TE0_CD2_BH913_BD2,5,3.0,2.5,0,2,"[8, 10, 11, 12]",[2],1897.45,189745.03,301,33.89,1.59,21.39,0.3193,14
R3_RR3.5_SL2.0_TE210_CD0_BH913_BD2,3,3.5,2.0,210,0,"[8, 10, 11, 12]",[2],1894.39,189439.32,313,40.89,2.16,10.74,0.3999,14
R7_RR2.0_SL1.5_TE360_CD0_BH89_BD24,7,2.0,1.5,360,0,"[10, 11, 12, 13]","[2, 4]",1891.84,189183.6,229,46.72,1.83,24.51,0.2341,10
R3_RR3.0_SL1.5_TE360_CD0_BH913_BD2,3,3.0,1.5,360,0,"[8, 10, 11, 12]",[2],1875.61,187560.84,313,36.42,2.06,14.82,0.3953,18
R7_RR3.5_SL2.5_TE360_CD2_BH913_BDnone,7,3.5,2.5,360,2,"[8, 10, 11, 12]",[],1873.19,187319.14,352,33.24,1.55,27.83,0.2952,16
R7_RR2.0_SL1.5_TE0_CD0_BHnone_BD24,7,2.0,1.5,0,0,all,"[2, 4]",1870.73,187073.08,355,41.13,1.6,22.38,0.171,15
R7_RR2.0_SL1.5_TE360_CD0_BH913_BD2,7,2.0,1.5,360,0,"[8, 10, 11, 12]",[2],1869.02,186901.91,313,42.81,1.65,25.21,0.205,16
R5_RR2.0_SL2.0_TE210_CD2_BH9_BD24,5,2.0,2.0,210,2,"[8, 10, 11, 12, 13]","[2, 4]",1857.87,185787.48,286,45.8,1.67,25.79,0.2611,10
R5_RR2.5_SL1.5_TE360_CD2_BHnone_BD2,5,2.5,1.5,360,2,all,[2],1856.59,185658.96,457,35.45,1.65,14.33,0.2095,21
R5_RR2.5_SL1.5_TE360_CD2_BHnone_BD24,5,2.5,1.5,360,2,all,"[2, 4]",1856.35,185635.04,338,37.57,1.69,22.08,0.2467,16
R3_RR3.0_SL2.0_TE120_CD4_BH9_BD2,3,3.0,2.0,120,4,"[8, 10, 11, 12, 13]",[2],1849.45,184945.41,377,46.95,1.81,13.8,0.3145,13
R5_RR3.0_SL2.0_TE120_CD0_BH89_BD2,5,3.0,2.0,120,0,"[10, 11, 12, 13]",[2],1843.07,184306.72,321,46.73,1.58,18.43,0.2448,9
R7_RR3.5_SL1.5_TE120_CD4_BH89_BD24,7,3.5,1.5,120,4,"[10, 11, 12, 13]","[2, 4]",1805.23,180522.78,220,47.27,1.91,24.27,0.2504,10
R5_RR2.5_SL2.5_TE360_CD2_BH9_BD24,5,2.5,2.5,360,2,"[8, 10, 11, 12, 13]","[2, 4]",1803.86,180386.12,281,39.15,1.56,26.65,0.2974,11
R3_RR3.5_SL1.5_TE210_CD2_BH913_BD2,3,3.5,1.5,210,2,"[8, 10, 11, 12]",[2],1802.73,180273.2,308,36.36,2.2,12.69,0.4108,18
R7_RR2.0_SL1.5_TE0_CD0_BH913_BD2,7,2.0,1.5,0,0,"[8, 10, 11, 12]",[2],1800.34,180034.23,313,42.49,1.65,24.7,0.2049,16
R7_RR2.0_SL2.0_TE210_CD4_BHnone_BD24,7,2.0,2.0,210,4,all,"[2, 4]",1798.66,179866.38,323,43.03,1.51,29.95,0.1936,11
R5_RR2.5_SL1.5_TE0_CD2_BHnone_BD24,5,2.5,1.5,0,2,all,"[2, 4]",1796.91,179690.79,338,37.28,1.69,22.52,0.2461,16
R5_RR3.5_SL2.0_TE210_CD0_BHnone_BD24,5,3.5,2.0,210,0,all,"[2, 4]",1794.28,179427.76,355,36.34,1.63,23.5,0.2707,17
R5_RR2.0_SL1.5_TE120_CD4_BH9_BDnone,5,2.0,1.5,120,4,"[8, 10, 11, 12, 13]",[],1794.26,179425.98,447,44.74,1.48,18.15,0.1743,18
R3_RR3.0_SL2.0_TE360_CD2_BH9_BD24,3,3.0,2.0,360,2,"[8, 10, 11, 12, 13]","[2, 4]",1791.52,179151.72,285,37.19,1.93,17.27,0.423,11
R3_RR2.0_SL2.0_TE210_CD4_BH9_BD2,3,2.0,2.0,210,4,"[8, 10, 11, 12, 13]",[2],1791.14,179114.43,374,45.72,1.75,12.42,0.3058,13
R5_RR2.5_SL2.5_TE210_CD4_BH913_BDnone,5,2.5,2.5,210,4,"[8, 10, 11, 12]",[],1783.57,178357.08,339,44.84,1.69,19.2,0.2483,12
R5_RR3.5_SL2.5_TE0_CD2_BH913_BD2,5,3.5,2.5,0,2,"[8, 10, 11, 12]",[2],1779.07,177906.9,301,30.23,1.61,22.9,0.3405,14
R3_RR2.5_SL2.0_TE360_CD2_BH9_BD24,3,2.5,2.0,360,2,"[8, 10, 11, 12, 13]","[2, 4]",1778.38,177838.29,287,41.81,2.0,15.99,0.4059,11
R7_RR3.5_SL2.5_TE0_CD4_BH913_BDnone,7,3.5,2.5,0,4,"[8, 10, 11, 12]",[],1759.47,175947.47,339,29.5,1.39,35.0,0.2859,16
R3_RR3.5_SL2.0_TE360_CD0_BH913_BD24,3,3.5,2.0,360,0,"[8, 10, 11, 12]","[2, 4]",1752.13,175212.57,231,35.93,2.32,8.34,0.5311,13
R5_RR2.0_SL1.5_TE120_CD2_BH89_BD2,5,2.0,1.5,120,2,"[10, 11, 12, 13]",[2],1746.3,174629.75,312,46.79,1.64,17.32,0.2248,9
R5_RR2.0_SL2.0_TE360_CD2_BH913_BDnone,5,2.0,2.0,360,2,"[8, 10, 11, 12]",[],1744.96,174496.03,361,42.94,1.6,15.28,0.2289,16
R5_RR2.5_SL1.5_TE0_CD4_BH913_BDnone,5,2.5,1.5,0,4,"[8, 10, 11, 12]",[],1741.82,174181.72,351,37.32,1.68,14.64,0.2466,18
R5_RR2.0_SL2.0_TE210_CD0_BH9_BD24,5,2.0,2.0,210,0,"[8, 10, 11, 12, 13]","[2, 4]",1739.54,173953.56,293,45.39,1.65,26.19,0.2547,10
R3_RR3.5_SL1.5_TE0_CD0_BH913_BD24,3,3.5,1.5,0,0,"[8, 10, 11, 12]","[2, 4]",1739.27,173926.96,231,35.5,2.51,9.31,0.531,18
R5_RR2.0_SL2.0_TE360_CD0_BH913_BD2,5,2.0,2.0,360,0,"[8, 10, 11, 12]",[2],1738.8,173880.02,313,43.77,1.77,14.7,0.2589,15
R5_RR2.5_SL1.5_TE210_CD4_BH913_BD2,5,2.5,1.5,210,4,"[8, 10, 11, 12]",[2],1738.35,173834.79,300,39.33,1.94,14.29,0.2783,13
R5_RR3.5_SL2.5_TE0_CD4_BH913_BDnone,5,3.5,2.5,0,4,"[8, 10, 11, 12]",[],1737.9,173789.58,339,29.5,1.48,30.05,0.3045,16
R5_RR2.5_SL1.5_TE0_CD4_BHnone_BD2,5,2.5,1.5,0,4,all,[2],1734.48,173447.91,438,35.39,1.7,14.94,0.216,20
R3_RR3.5_SL2.0_TE0_CD2_BH913_BD24,3,3.5,2.0,0,2,"[8, 10, 11, 12]","[2, 4]",1720.68,172067.87,226,34.96,2.29,8.52,0.5416,13
R5_RR3.0_SL2.5_TE210_CD2_BH913_BDnone,5,3.0,2.5,210,2,"[8, 10, 11, 12]",[],1718.26,171826.49,352,43.75,1.75,17.28,0.2493,12
R3_RR3.5_SL1.5_TE210_CD4_BH913_BDnone,3,3.5,1.5,210,4,"[8, 10, 11, 12]",[],1710.59,171058.87,349,34.67,1.94,10.6,0.3611,15
R7_RR3.0_SL2.0_TE120_CD4_BHnone_BD24,7,3.0,2.0,120,4,all,"[2, 4]",1709.77,170977.09,326,44.48,1.5,29.3,0.195,11
R5_RR2.5_SL1.5_TE360_CD0_BH913_BDnone,5,2.5,1.5,360,0,"[8, 10, 11, 12]",[],1686.55,168655.11,366,37.16,1.61,16.37,0.2366,18
R5_RR2.5_SL2.5_TE120_CD2_BH9_BD2,5,2.5,2.5,120,2,"[8, 10, 11, 12, 13]",[2],1685.08,168507.63,382,49.21,1.51,22.16,0.2067,12
R5_RR2.5_SL2.5_TE210_CD2_BH913_BD2,5,2.5,2.5,210,2,"[8, 10, 11, 12]",[2],1674.4,167439.61,301,44.85,1.76,18.15,0.2699,12
R3_RR3.0_SL1.5_TE0_CD2_BH913_BDnone,3,3.0,1.5,0,2,"[8, 10, 11, 12]",[],1669.65,166964.5,360,34.44,1.8,12.73,0.3413,18
R3_RR3.0_SL1.5_TE0_CD4_BH913_BD2,3,3.0,1.5,0,4,"[8, 10, 11, 12]",[2],1669.47,166946.51,298,35.91,2.07,13.23,0.401,16
R5_RR2.0_SL2.0_TE0_CD4_BH913_BDnone,5,2.0,2.0,0,4,"[8, 10, 11, 12]",[],1668.92,166891.56,353,42.78,1.62,13.36,0.2329,16
R3_RR2.5_SL2.0_TE360_CD0_BH913_BD2,3,2.5,2.0,360,0,"[8, 10, 11, 12]",[2],1663.18,166318.49,313,40.58,2.07,12.24,0.3792,15
R5_RR2.0_SL1.5_TE210_CD0_BH9_BD24,5,2.0,1.5,210,0,"[8, 10, 11, 12, 13]","[2, 4]",1657.43,165742.91,293,44.71,1.73,26.71,0.2483,12
R7_RR2.5_SL1.5_TE210_CD4_BHnone_BD24,7,2.5,1.5,210,4,all,"[2, 4]",1655.01,165500.57,325,37.54,1.68,25.38,0.2205,14
R5_RR2.5_SL2.0_TE120_CD4_BH89_BDnone,5,2.5,2.0,120,4,"[10, 11, 12, 13]",[],1640.41,164041.16,360,47.22,1.46,23.48,0.2108,11
R7_RR2.0_SL1.5_TE120_CD2_BH9_BD24,7,2.0,1.5,120,2,"[8, 10, 11, 12, 13]","[2, 4]",1639.0,163900.07,286,47.55,1.65,27.8,0.1838,11
R5_RR2.5_SL1.5_TE0_CD0_BH913_BDnone,5,2.5,1.5,0,0,"[8, 10, 11, 12]",[],1634.17,163416.97,366,36.89,1.61,16.21,0.2362,18
R3_RR2.0_SL2.0_TE0_CD2_BH9_BDnone,3,2.0,2.0,0,2,"[8, 10, 11, 12, 13]",[],1625.64,162564.02,459,42.7,1.54,14.4,0.2518,17
R7_RR2.0_SL1.5_TE120_CD4_BH9_BD24,7,2.0,1.5,120,4,"[8, 10, 11, 12, 13]","[2, 4]",1623.41,162341.24,282,47.52,1.65,28.0,0.1866,11
R7_RR3.5_SL2.5_TE0_CD4_BH89_BD24,7,3.5,2.5,0,4,"[10, 11, 12, 13]","[2, 4]",1608.47,160846.53,212,30.66,1.47,35.41,0.3561,13
R3_RR2.5_SL1.5_TE210_CD2_BH9_BD2,3,2.5,1.5,210,2,"[8, 10, 11, 12, 13]",[2],1601.49,160149.03,382,39.01,1.78,13.76,0.3022,15
R5_RR2.5_SL1.5_TE210_CD2_BH913_BDnone,5,2.5,1.5,210,2,"[8, 10, 11, 12]",[],1589.48,158947.98,360,37.78,1.64,15.24,0.2348,15
R5_RR3.0_SL2.5_TE360_CD0_BHnone_BDnone,5,3.0,2.5,360,0,all,[],1579.16,157916.45,573,32.46,1.31,35.98,0.2106,23
R7_RR2.0_SL1.5_TE360_CD4_BHnone_BD2,7,2.0,1.5,360,4,all,[2],1570.2,157020.11,439,39.41,1.51,18.53,0.1681,15
R5_RR2.5_SL2.5_TE0_CD2_BH9_BD24,5,2.5,2.5,0,2,"[8, 10, 11, 12, 13]","[2, 4]",1563.44,156344.27,281,37.72,1.54,27.23,0.2927,11
R3_RR3.0_SL1.5_TE210_CD0_BH89_BD24,3,3.0,1.5,210,0,"[10, 11, 12, 13]","[2, 4]",1561.52,156152.09,229,41.05,1.96,20.04,0.4726,10
R5_RR2.0_SL2.0_TE360_CD4_BHnone_BD24,5,2.0,2.0,360,4,all,"[2, 4]",1553.33,155332.64,324,42.9,1.55,24.02,0.2357,12
R3_RR3.0_SL1.5_TE120_CD2_BH9_BD2,3,3.0,1.5,120,2,"[8, 10, 11, 12, 13]",[2],1549.13,154912.61,386,42.49,1.83,14.21,0.299,15
R7_RR2.0_SL1.5_TE0_CD0_BH913_BDnone,7,2.0,1.5,0,0,"[8, 10, 11, 12]",[],1537.96,153796.01,366,41.53,1.47,24.9,0.1798,16
R5_RR2.5_SL2.0_TE120_CD0_BH913_BD2,5,2.5,2.0,120,0,"[8, 10, 11, 12]",[2],1526.82,152681.9,313,46.96,1.8,13.73,0.2479,12
R5_RR3.0_SL2.5_TE210_CD0_BH913_BD2,5,3.0,2.5,210,0,"[8, 10, 11, 12]",[2],1515.16,151516.0,313,43.77,1.8,17.49,0.268,12
R3_RR2.5_SL2.0_TE0_CD0_BH9_BD24,3,2.5,2.0,0,0,"[8, 10, 11, 12, 13]","[2, 4]",1511.51,151150.51,293,40.27,1.95,16.41,0.3838,11
R3_RR3.0_SL1.5_TE0_CD2_BHnone_BDnone,3,3.0,1.5,0,2,all,[],1507.47,150746.53,545,31.38,1.56,14.0,0.2388,26
R7_RR3.0_SL1.5_TE210_CD0_BHnone_BDnone,7,3.0,1.5,210,0,all,[],1494.56,149456.31,573,31.94,1.35,23.32,0.1899,26
R5_RR3.0_SL1.5_TE120_CD0_BH913_BD24,5,3.0,1.5,120,0,"[8, 10, 11, 12]","[2, 4]",1482.18,148217.72,231,46.32,2.06,15.46,0.3145,10
R7_RR2.5_SL2.5_TE0_CD4_BH913_BD24,7,2.5,2.5,0,4,"[8, 10, 11, 12]","[2, 4]",1471.35,147134.91,215,38.14,1.52,23.76,0.3036,12
R7_RR2.0_SL1.5_TE0_CD2_BHnone_BD2,7,2.0,1.5,0,2,all,[2],1470.46,147045.95,458,38.86,1.45,21.3,0.1607,16
R3_RR3.5_SL2.5_TE360_CD4_BHnone_BDnone,3,3.5,2.5,360,4,all,[],1457.78,145778.44,515,31.84,1.52,24.67,0.2699,18
R3_RR3.0_SL1.5_TE0_CD4_BHnone_BDnone,3,3.0,1.5,0,4,all,[],1429.65,142964.78,522,31.42,1.57,14.24,0.2425,25
R3_RR3.5_SL1.5_TE0_CD4_BH913_BD24,3,3.5,1.5,0,4,"[8, 10, 11, 12]","[2, 4]",1417.79,141778.67,222,34.68,2.39,9.46,0.5208,18
R5_RR2.5_SL1.5_TE0_CD0_BH913_BD24,5,2.5,1.5,0,0,"[8, 10, 11, 12]","[2, 4]",1417.32,141731.89,231,40.26,1.88,15.11,0.3231,13
R7_RR2.5_SL2.0_TE120_CD4_BH89_BD24,7,2.5,2.0,120,4,"[10, 11, 12, 13]","[2, 4]",1412.94,141294.31,219,50.68,1.61,31.27,0.2297,10
R7_RR2.0_SL1.5_TE120_CD0_BH913_BD24,7,2.0,1.5,120,0,"[8, 10, 11, 12]","[2, 4]",1405.52,140552.22,231,49.35,1.76,18.26,0.2238,10
R5_RR3.0_SL2.0_TE120_CD2_BHnone_BD24,5,3.0,2.0,120,2,all,"[2, 4]",1404.05,140404.66,338,44.38,1.52,26.69,0.2266,11
R7_RR3.0_SL1.5_TE210_CD2_BHnone_BDnone,7,3.0,1.5,210,2,all,[],1400.39,140038.57,544,32.17,1.41,18.73,0.199,26
R3_RR2.5_SL2.5_TE0_CD4_BHnone_BDnone,3,2.5,2.5,0,4,all,[],1392.31,139231.16,515,35.73,1.48,19.96,0.2436,16
R7_RR2.0_SL1.5_TE210_CD4_BH913_BDnone,7,2.0,1.5,210,4,"[8, 10, 11, 12]",[],1389.16,138916.41,351,41.88,1.52,20.29,0.1855,15
R7_RR3.0_SL2.0_TE120_CD4_BH89_BD24,7,3.0,2.0,120,4,"[10, 11, 12, 13]","[2, 4]",1388.7,138870.29,219,50.23,1.58,31.47,0.2309,10
R3_RR2.5_SL2.0_TE0_CD2_BH89_BDnone,3,2.5,2.0,0,2,"[10, 11, 12, 13]",[],1381.44,138144.07,370,37.84,1.5,14.77,0.3027,12
R7_RR2.5_SL2.5_TE210_CD0_BH913_BD24,7,2.5,2.5,210,0,"[8, 10, 11, 12]","[2, 4]",1380.31,138031.26,231,45.02,1.71,17.59,0.2659,10
R7_RR2.0_SL1.5_TE360_CD4_BHnone_BDnone,7,2.0,1.5,360,4,all,[],1356.84,135683.79,525,39.05,1.31,29.97,0.1427,18
R7_RR3.0_SL2.5_TE120_CD2_BH913_BD2,7,3.0,2.5,120,2,"[8, 10, 11, 12]",[2],1355.39,135538.99,301,49.83,1.59,18.25,0.2008,10
R3_RR3.5_SL2.5_TE360_CD4_BH913_BDnone,3,3.5,2.5,360,4,"[8, 10, 11, 12]",[],1348.83,134882.8,339,33.92,1.74,17.18,0.3616,16
R5_RR2.0_SL1.5_TE0_CD2_BH913_BD2,5,2.0,1.5,0,2,"[8, 10, 11, 12]",[2],1337.18,133718.48,308,42.53,1.65,19.68,0.2353,15
R7_RR2.0_SL1.5_TE0_CD0_BHnone_BDnone,7,2.0,1.5,0,0,all,[],1336.87,133687.31,573,38.05,1.25,41.0,0.1306,19
R5_RR2.5_SL2.5_TE360_CD4_BH913_BD24,5,2.5,2.5,360,4,"[8, 10, 11, 12]","[2, 4]",1328.07,132806.52,215,40.0,1.64,18.69,0.3463,12
R7_RR3.5_SL2.5_TE210_CD0_BH913_BD2,7,3.5,2.5,210,0,"[8, 10, 11, 12]",[2],1317.06,131706.16,313,42.81,1.74,16.35,0.2565,12
R3_RR2.5_SL1.5_TE360_CD4_BH9_BD24,3,2.5,1.5,360,4,"[8, 10, 11, 12, 13]","[2, 4]",1309.99,130999.43,280,40.71,1.87,21.05,0.3746,12
R3_RR3.0_SL2.0_TE360_CD4_BH89_BD24,3,3.0,2.0,360,4,"[10, 11, 12, 13]","[2, 4]",1304.62,130462.2,217,38.71,1.82,17.99,0.4876,9
R5_RR2.0_SL2.0_TE120_CD2_BH89_BDnone,5,2.0,2.0,120,2,"[10, 11, 12, 13]",[],1303.7,130369.88,374,48.13,1.34,27.52,0.1838,11
R5_RR2.0_SL2.5_TE0_CD2_BH89_BD24,5,2.0,2.5,0,2,"[10, 11, 12, 13]","[2, 4]",1300.0,130000.31,219,44.29,1.61,27.81,0.3166,9
R3_RR3.0_SL2.0_TE120_CD4_BH9_BDnone,3,3.0,2.0,120,4,"[8, 10, 11, 12, 13]",[],1299.42,129942.17,449,45.88,1.57,17.54,0.247,16
R3_RR3.0_SL1.5_TE210_CD0_BHnone_BD24,3,3.0,1.5,210,0,all,"[2, 4]",1298.64,129863.84,355,35.77,1.73,16.19,0.3168,16
R5_RR2.5_SL2.5_TE210_CD2_BHnone_BD2,5,2.5,2.5,210,2,all,[2],1292.93,129293.06,453,40.18,1.45,18.79,0.205,14
R3_RR3.5_SL2.0_TE120_CD4_BH9_BDnone,3,3.5,2.0,120,4,"[8, 10, 11, 12, 13]",[],1271.93,127193.47,449,45.43,1.53,18.52,0.2474,16
R3_RR3.5_SL2.5_TE0_CD4_BH89_BDnone,3,3.5,2.5,0,4,"[10, 11, 12, 13]",[],1262.25,126225.42,351,30.48,1.41,24.21,0.3423,14
R7_RR2.0_SL2.5_TE120_CD4_BH9_BD24,7,2.0,2.5,120,4,"[8, 10, 11, 12, 13]","[2, 4]",1254.84,125483.53,277,51.62,1.5,32.6,0.1964,9
R7_RR3.0_SL2.0_TE120_CD0_BH89_BD24,7,3.0,2.0,120,0,"[10, 11, 12, 13]","[2, 4]",1226.33,122632.75,229,48.91,1.52,32.98,0.221,10
R5_RR2.0_SL1.5_TE120_CD4_BH89_BD24,5,2.0,1.5,120,4,"[10, 11, 12, 13]","[2, 4]",1220.51,122051.26,220,50.0,1.69,28.14,0.2741,10
R5_RR2.0_SL1.5_TE0_CD2_BH913_BD24,5,2.0,1.5,0,2,"[8, 10, 11, 12]","[2, 4]",1204.13,120412.79,228,45.18,1.81,16.3,0.2874,11
R5_RR2.0_SL1.5_TE210_CD2_BH913_BD2,5,2.0,1.5,210,2,"[8, 10, 11, 12]",[2],1202.91,120290.78,308,42.53,1.64,19.86,0.2313,15
R5_RR2.5_SL1.5_TE0_CD2_BHnone_BDnone,5,2.5,1.5,0,2,all,[],1198.79,119879.19,545,33.94,1.4,18.99,0.1784,27
R3_RR2.5_SL1.5_TE120_CD4_BH9_BD2,3,2.5,1.5,120,4,"[8, 10, 11, 12, 13]",[2],1188.16,118816.08,378,43.65,1.75,14.99,0.2749,15
R3_RR2.0_SL1.5_TE0_CD0_BH9_BDnone,3,2.0,1.5,0,0,"[8, 10, 11, 12, 13]",[],1186.37,118636.56,470,41.28,1.46,22.65,0.2211,19
R5_RR2.0_SL1.5_TE0_CD4_BH913_BD24,5,2.0,1.5,0,4,"[8, 10, 11, 12]","[2, 4]",1181.26,118126.42,224,45.09,1.83,16.32,0.2909,11
R5_RR2.0_SL2.0_TE0_CD4_BH913_BD24,5,2.0,2.0,0,4,"[8, 10, 11, 12]","[2, 4]",1160.8,116080.27,225,44.89,1.78,14.27,0.3051,12
R3_RR3.0_SL1.5_TE210_CD0_BH913_BDnone,3,3.0,1.5,210,0,"[8, 10, 11, 12]",[],1160.22,116022.26,366,35.25,1.69,15.24,0.3048,15
R5_RR2.5_SL2.5_TE210_CD0_BH9_BD24,5,2.5,2.5,210,0,"[8, 10, 11, 12, 13]","[2, 4]",1157.71,115771.01,293,42.66,1.56,27.84,0.2577,12
R3_RR2.5_SL2.0_TE120_CD0_BH9_BD2,3,2.5,2.0,120,0,"[8, 10, 11, 12, 13]",[2],1155.95,115595.28,396,46.21,1.64,14.09,0.2619,14
R3_RR3.0_SL1.5_TE210_CD0_BH913_BD24,3,3.0,1.5,210,0,"[8, 10, 11, 12]","[2, 4]",1141.48,114147.98,231,39.83,2.17,10.51,0.4428,10
R3_RR3.5_SL1.5_TE120_CD4_BH89_BDnone,3,3.5,1.5,120,4,"[10, 11, 12, 13]",[],1137.19,113719.35,359,42.34,1.57,21.69,0.29,12
R5_RR3.5_SL2.5_TE120_CD2_BH89_BD2,5,3.5,2.5,120,2,"[10, 11, 12, 13]",[2],1131.97,113197.13,308,50.65,1.42,29.51,0.2213,9
R7_RR3.0_SL2.5_TE360_CD2_BHnone_BD2,7,3.0,2.5,360,2,all,[2],1130.1,113010.3,454,32.82,1.29,39.26,0.2321,17
R7_RR2.5_SL2.5_TE120_CD0_BH913_BD2,7,2.5,2.5,120,0,"[8, 10, 11, 12]",[2],1122.35,112234.92,313,49.52,1.54,18.71,0.1902,12
R7_RR2.5_SL2.5_TE120_CD4_BH9_BDnone,7,2.5,2.5,120,4,"[8, 10, 11, 12, 13]",[],1108.61,110861.12,442,48.42,1.31,33.12,0.1546,15
R5_RR2.0_SL1.5_TE210_CD4_BHnone_BD24,5,2.0,1.5,210,4,all,"[2, 4]",1094.52,109452.04,327,41.59,1.57,26.59,0.2143,13
R5_RR3.0_SL2.5_TE210_CD2_BHnone_BD2,5,3.0,2.5,210,2,all,[2],1084.93,108492.84,453,39.29,1.43,29.8,0.2106,14
R3_RR3.0_SL2.0_TE210_CD0_BH9_BD24,3,3.0,2.0,210,0,"[8, 10, 11, 12, 13]","[2, 4]",1083.9,108390.06,293,39.59,1.78,18.23,0.3517,12
R3_RR2.5_SL1.5_TE360_CD2_BH913_BDnone,3,2.5,1.5,360,2,"[8, 10, 11, 12]",[],1082.6,108260.49,360,37.5,1.66,14.81,0.2919,18
R3_RR2.5_SL1.5_TE360_CD4_BH913_BDnone,3,2.5,1.5,360,4,"[8, 10, 11, 12]",[],1079.71,107970.67,351,37.61,1.69,13.56,0.2984,18
R3_RR2.0_SL1.5_TE0_CD0_BH9_BD2,3,2.0,1.5,0,0,"[8, 10, 11, 12, 13]",[2],1079.2,107919.84,396,41.92,1.56,22.45,0.2515,16
R5_RR2.5_SL1.5_TE120_CD4_BH913_BD24,5,2.5,1.5,120,4,"[8, 10, 11, 12]","[2, 4]",1071.35,107135.25,224,46.88,1.91,17.03,0.2897,10
R3_RR2.5_SL2.0_TE210_CD0_BH9_BD24,3,2.5,2.0,210,0,"[8, 10, 11, 12, 13]","[2, 4]",1070.8,107080.03,293,42.32,1.79,18.43,0.342,10
R3_RR3.5_SL1.5_TE120_CD0_BH89_BDnone,3,3.5,1.5,120,0,"[10, 11, 12, 13]",[],1069.13,106912.51,380,41.58,1.52,21.87,0.2716,12
R3_RR3.0_SL2.5_TE210_CD4_BH9_BD2,3,3.0,2.5,210,4,"[8, 10, 11, 12, 13]",[2],1057.35,105734.92,362,42.27,1.69,19.18,0.2939,12
R3_RR2.5_SL1.5_TE360_CD0_BHnone_BD24,3,2.5,1.5,360,0,all,"[2, 4]",1056.65,105665.02,355,37.46,1.66,17.54,0.2888,16
R3_RR3.0_SL2.0_TE0_CD2_BHnone_BD24,3,3.0,2.0,0,2,all,"[2, 4]",1053.53,105353.47,335,33.73,1.71,18.39,0.3288,17
R5_RR2.0_SL2.0_TE210_CD0_BH913_BD24,5,2.0,2.0,210,0,"[8, 10, 11, 12]","[2, 4]",1044.15,104415.43,231,45.89,1.78,13.35,0.2803,10
R3_RR2.5_SL1.5_TE0_CD4_BH913_BDnone,3,2.5,1.5,0,4,"[8, 10, 11, 12]",[],1036.65,103664.72,351,37.32,1.68,13.49,0.2954,18
R3_RR2.5_SL2.0_TE0_CD2_BH89_BD24,3,2.5,2.0,0,2,"[10, 11, 12, 13]","[2, 4]",1029.6,102959.94,224,41.07,1.82,19.53,0.4286,9
R3_RR2.0_SL2.0_TE360_CD0_BH9_BD24,3,2.0,2.0,360,0,"[8, 10, 11, 12, 13]","[2, 4]",1025.46,102545.71,293,45.05,1.7,18.83,0.3267,11
R5_RR2.0_SL1.5_TE120_CD4_BH913_BD24,5,2.0,1.5,120,4,"[8, 10, 11, 12]","[2, 4]",1024.14,102413.66,224,49.11,1.79,17.14,0.2704,10
R5_RR2.0_SL2.5_TE120_CD0_BH89_BD2,5,2.0,2.5,120,0,"[10, 11, 12, 13]",[2],1020.83,102082.7,321,51.09,1.41,22.63,0.1993,9
R3_RR2.5_SL2.5_TE210_CD4_BH9_BDnone,3,2.5,2.5,210,4,"[8, 10, 11, 12, 13]",[],1017.63,101762.87,433,42.49,1.54,20.14,0.2447,15
R5_RR2.0_SL1.5_TE0_CD2_BHnone_BD2,5,2.0,1.5,0,2,all,[2],1007.56,100755.53,458,38.86,1.42,22.3,0.1686,16
R3_RR2.5_SL1.5_TE120_CD0_BH89_BDnone,3,2.5,1.5,120,0,"[10, 11, 12, 13]",[],1003.79,100379.44,380,43.95,1.46,22.8,0.2519,12
R3_RR2.5_SL1.5_TE210_CD2_BH89_BD24,3,2.5,1.5,210,2,"[10, 11, 12, 13]","[2, 4]",992.15,99215.16,221,42.53,1.78,21.56,0.416,10
R3_RR2.5_SL2.0_TE0_CD0_BH89_BD24,3,2.5,2.0,0,0,"[10, 11, 12, 13]","[2, 4]",987.84,98784.3,229,40.61,1.81,19.71,0.4146,9
R7_RR2.0_SL2.5_TE120_CD0_BH89_BDnone,7,2.0,2.5,120,0,"[10, 11, 12, 13]",[],971.32,97132.05,380,49.47,1.25,36.77,0.1466,12
R5_RR2.0_SL1.5_TE0_CD0_BHnone_BDnone,5,2.0,1.5,0,0,all,[],970.36,97036.47,573,38.05,1.25,42.15,0.1387,19
R5_RR3.0_SL2.5_TE0_CD2_BH9_BD24,5,3.0,2.5,0,2,"[8, 10, 11, 12, 13]","[2, 4]",958.38,95837.77,281,32.38,1.41,38.08,0.2934,11
R3_RR2.5_SL1.5_TE120_CD4_BH89_BD2,3,2.5,1.5,120,4,"[10, 11, 12, 13]",[2],947.69,94769.03,305,45.57,1.62,15.21,0.3003,9
R5_RR3.5_SL2.5_TE120_CD4_BH9_BD24,5,3.5,2.5,120,4,"[8, 10, 11, 12, 13]","[2, 4]",928.25,92824.91,277,50.18,1.49,27.26,0.2277,9
R3_RR2.0_SL2.5_TE210_CD0_BH9_BDnone,3,2.0,2.5,210,0,"[8, 10, 11, 12, 13]",[],919.63,91962.63,470,44.47,1.44,23.89,0.2136,17
R7_RR3.0_SL2.5_TE360_CD4_BH913_BD24,7,3.0,2.5,360,4,"[8, 10, 11, 12]","[2, 4]",917.96,91795.71,215,35.81,1.41,38.61,0.3006,12
R3_RR2.0_SL1.5_TE0_CD2_BH9_BD24,3,2.0,1.5,0,2,"[8, 10, 11, 12, 13]","[2, 4]",911.73,91172.5,286,44.41,1.69,22.45,0.3145,12
R3_RR2.0_SL1.5_TE0_CD4_BH9_BD24,3,2.0,1.5,0,4,"[8, 10, 11, 12, 13]","[2, 4]",910.92,91092.36,281,44.48,1.72,22.45,0.3194,12
R3_RR2.0_SL2.5_TE360_CD2_BH89_BDnone,3,2.0,2.5,360,2,"[10, 11, 12, 13]",[],909.94,90994.25,364,42.58,1.39,22.29,0.2635,11
R3_RR3.5_SL1.5_TE120_CD2_BH89_BD24,3,3.5,1.5,120,2,"[10, 11, 12, 13]","[2, 4]",906.89,90689.18,223,47.53,1.8,21.62,0.4038,10
R7_RR3.5_SL2.5_TE120_CD0_BH89_BD24,7,3.5,2.5,120,0,"[10, 11, 12, 13]","[2, 4]",903.17,90317.4,229,53.28,1.39,37.89,0.2008,10
R7_RR2.0_SL2.5_TE0_CD2_BHnone_BD24,7,2.0,2.5,0,2,all,"[2, 4]",902.86,90286.29,334,40.72,1.41,32.76,0.2062,11
R3_RR2.0_SL1.5_TE210_CD0_BH9_BD2,3,2.0,1.5,210,0,"[8, 10, 11, 12, 13]",[2],885.22,88522.36,396,41.92,1.52,23.61,0.2382,15
R3_RR2.0_SL2.0_TE360_CD0_BH913_BD2,3,2.0,2.0,360,0,"[8, 10, 11, 12]",[2],871.99,87198.68,313,43.77,1.73,13.22,0.2998,15
R3_RR2.0_SL2.5_TE210_CD2_BH9_BDnone,3,2.0,2.5,210,2,"[8, 10, 11, 12, 13]",[],865.83,86582.63,450,44.44,1.45,20.99,0.2158,15
R3_RR2.0_SL2.0_TE210_CD0_BHnone_BD2,3,2.0,2.0,210,0,all,[2],835.24,83524.35,481,41.58,1.39,24.74,0.2025,18
R3_RR2.5_SL2.0_TE210_CD2_BH913_BD24,3,2.5,2.0,210,2,"[8, 10, 11, 12]","[2, 4]",832.4,83240.43,228,44.3,1.99,11.61,0.3961,10
R3_RR2.0_SL1.5_TE210_CD0_BH89_BD2,3,2.0,1.5,210,0,"[10, 11, 12, 13]",[2],826.96,82695.74,321,42.99,1.49,17.78,0.2742,13
R3_RR2.5_SL1.5_TE360_CD2_BH913_BD24,3,2.5,1.5,360,2,"[8, 10, 11, 12]","[2, 4]",808.49,80848.97,228,40.79,1.93,12.2,0.3946,13
R3_RR2.0_SL2.5_TE0_CD0_BH89_BD2,3,2.0,2.5,0,0,"[10, 11, 12, 13]",[2],807.39,80738.71,321,42.68,1.47,24.32,0.2871,14
R5_RR2.0_SL2.5_TE120_CD0_BH9_BD24,5,2.0,2.5,120,0,"[8, 10, 11, 12, 13]","[2, 4]",806.86,80685.66,293,51.54,1.48,31.47,0.2049,10
R7_RR3.0_SL2.5_TE120_CD4_BH913_BDnone,7,3.0,2.5,120,4,"[8, 10, 11, 12]",[],805.46,80546.35,345,49.57,1.41,25.28,0.1707,12
R5_RR2.5_SL2.5_TE120_CD0_BH9_BD24,5,2.5,2.5,120,0,"[8, 10, 11, 12, 13]","[2, 4]",800.31,80030.7,293,50.17,1.43,31.51,0.2082,10
R3_RR2.5_SL1.5_TE360_CD4_BHnone_BD24,3,2.5,1.5,360,4,all,"[2, 4]",788.78,78878.44,326,37.42,1.65,18.92,0.2858,15
R3_RR2.5_SL2.5_TE360_CD0_BH913_BD24,3,2.5,2.5,360,0,"[8, 10, 11, 12]","[2, 4]",788.02,78801.95,231,41.13,1.73,16.08,0.3928,13
R3_RR2.5_SL1.5_TE0_CD0_BH913_BD24,3,2.5,1.5,0,0,"[8, 10, 11, 12]","[2, 4]",787.41,78741.09,231,40.26,1.92,11.46,0.3869,13
R3_RR2.0_SL2.0_TE360_CD0_BH89_BD24,3,2.0,2.0,360,0,"[10, 11, 12, 13]","[2, 4]",786.18,78618.15,229,46.29,1.64,20.71,0.3675,9
R3_RR3.0_SL2.0_TE210_CD2_BH89_BD24,3,3.0,2.0,210,2,"[10, 11, 12, 13]","[2, 4]",784.06,78406.38,223,41.7,1.67,20.51,0.3939,9
R3_RR2.0_SL2.5_TE0_CD4_BHnone_BD2,3,2.0,2.5,0,4,all,[2],779.33,77933.25,428,40.89,1.47,17.2,0.2277,14
R7_RR3.0_SL2.5_TE120_CD0_BH9_BDnone,7,3.0,2.5,120,0,"[8, 10, 11, 12, 13]",[],778.05,77804.67,470,47.45,1.21,45.51,0.1415,17
R5_RR3.0_SL2.5_TE120_CD2_BH9_BDnone,5,3.0,2.5,120,2,"[8, 10, 11, 12, 13]",[],776.68,77667.74,455,47.91,1.27,37.11,0.1561,15
R7_RR2.0_SL2.5_TE120_CD0_BH913_BDnone,7,2.0,2.5,120,0,"[8, 10, 11, 12]",[],761.41,76140.9,366,50.0,1.41,24.12,0.1584,14
R3_RR3.0_SL2.5_TE0_CD2_BH89_BDnone,3,3.0,2.5,0,2,"[10, 11, 12, 13]",[],759.86,75985.57,364,32.42,1.28,28.85,0.284,14
R3_RR2.0_SL1.5_TE120_CD4_BH9_BD2,3,2.0,1.5,120,4,"[8, 10, 11, 12, 13]",[2],758.26,75825.65,378,44.97,1.53,17.88,0.231,15
V1_BASE,5,2.5,1.5,210,2,all,[],750.54,75054.41,544,34.38,1.33,25.15,0.1676,26
R3_RR2.5_SL1.5_TE0_CD4_BHnone_BD24,3,2.5,1.5,0,4,all,"[2, 4]",743.48,74347.96,326,37.12,1.64,19.25,0.2806,15
R3_RR3.0_SL2.5_TE360_CD0_BH89_BDnone,3,3.0,2.5,360,0,"[10, 11, 12, 13]",[],735.62,73561.62,380,33.68,1.28,30.97,0.2685,15
R3_RR2.5_SL1.5_TE360_CD2_BHnone_BDnone,3,2.5,1.5,360,2,all,[],726.16,72616.23,545,34.13,1.39,19.58,0.1895,27
R3_RR2.5_SL2.5_TE210_CD0_BH913_BD2,3,2.5,2.5,210,0,"[8, 10, 11, 12]",[2],724.56,72456.04,313,44.73,1.68,16.4,0.2869,12
R3_RR2.5_SL2.5_TE360_CD2_BH89_BD24,3,2.5,2.5,360,2,"[10, 11, 12, 13]","[2, 4]",720.93,72092.76,219,41.1,1.57,21.66,0.3914,9
R5_RR2.0_SL2.5_TE120_CD4_BH913_BD2,5,2.0,2.5,120,4,"[8, 10, 11, 12]",[2],717.7,71770.3,294,50.68,1.63,15.51,0.2054,10
R5_RR2.0_SL2.5_TE0_CD2_BHnone_BD24,5,2.0,2.5,0,2,all,"[2, 4]",708.34,70833.88,334,40.72,1.41,28.87,0.2105,11
R3_RR3.0_SL2.0_TE120_CD0_BH89_BD2,3,3.0,2.0,120,0,"[10, 11, 12, 13]",[2],705.08,70508.36,321,46.73,1.49,17.14,0.2679,9
R3_RR2.5_SL2.0_TE120_CD4_BH913_BDnone,3,2.5,2.0,120,4,"[8, 10, 11, 12]",[],698.68,69868.41,353,47.31,1.64,14.22,0.2483,13
R3_RR2.5_SL2.5_TE210_CD0_BHnone_BDnone,3,2.5,2.5,210,0,all,[],695.61,69560.6,573,40.31,1.34,20.05,0.1842,21
R7_RR3.0_SL2.5_TE120_CD2_BH89_BDnone,7,3.0,2.5,120,2,"[10, 11, 12, 13]",[],690.05,69005.34,366,48.91,1.19,46.27,0.1498,10
R3_RR2.0_SL1.5_TE120_CD2_BH9_BD24,3,2.0,1.5,120,2,"[8, 10, 11, 12, 13]","[2, 4]",687.52,68751.76,286,47.55,1.61,23.61,0.2813,11
R3_RR2.0_SL2.0_TE210_CD0_BH913_BD2,3,2.0,2.0,210,0,"[8, 10, 11, 12]",[2],673.18,67318.25,313,44.41,1.63,14.44,0.2711,12
R3_RR2.5_SL2.0_TE210_CD0_BH89_BD24,3,2.5,2.0,210,0,"[10, 11, 12, 13]","[2, 4]",672.4,67239.76,229,43.23,1.65,21.47,0.3569,9
R7_RR2.0_SL2.5_TE0_CD4_BHnone_BD24,7,2.0,2.5,0,4,all,"[2, 4]",666.51,66651.33,315,40.32,1.37,29.89,0.2024,10
R3_RR3.0_SL2.5_TE360_CD2_BHnone_BD2,3,3.0,2.5,360,2,all,[2],647.88,64788.34,454,32.82,1.36,27.28,0.2331,17
R7_RR3.0_SL2.5_TE120_CD0_BHnone_BD24,7,3.0,2.5,120,0,all,"[2, 4]",631.35,63135.22,355,46.48,1.25,39.29,0.1619,13
R3_RR3.0_SL1.5_TE120_CD2_BHnone_BD2,3,3.0,1.5,120,2,all,[2],609.7,60969.97,460,38.7,1.53,15.62,0.2087,20
R3_RR2.5_SL2.5_TE120_CD2_BH9_BD2,3,2.5,2.5,120,2,"[8, 10, 11, 12, 13]",[2],608.09,60809.23,382,49.21,1.46,20.77,0.2163,12
R3_RR2.0_SL2.0_TE120_CD2_BHnone_BD2,3,2.0,2.0,120,2,all,[2],580.61,58060.73,461,45.34,1.35,26.22,0.1822,15
R3_RR2.0_SL2.5_TE360_CD2_BH89_BD24,3,2.0,2.5,360,2,"[10, 11, 12, 13]","[2, 4]",570.78,57078.14,219,45.66,1.6,22.19,0.3452,9
R5_RR2.5_SL2.5_TE120_CD4_BH913_BD24,5,2.5,2.5,120,4,"[8, 10, 11, 12]","[2, 4]",557.5,55750.23,220,51.36,1.59,16.39,0.2363,8
R3_RR2.5_SL2.0_TE120_CD0_BH9_BD24,3,2.5,2.0,120,0,"[8, 10, 11, 12, 13]","[2, 4]",552.26,55226.39,293,47.44,1.52,23.93,0.263,10
R3_RR2.5_SL1.5_TE120_CD0_BH913_BD24,3,2.5,1.5,120,0,"[8, 10, 11, 12]","[2, 4]",539.69,53968.74,231,46.75,1.83,13.39,0.3234,10
R3_RR3.0_SL2.0_TE120_CD0_BHnone_BDnone,3,3.0,2.0,120,0,all,[],535.87,53586.55,573,41.36,1.27,25.32,0.1646,24
R3_RR2.0_SL1.5_TE210_CD2_BH913_BD2,3,2.0,1.5,210,2,"[8, 10, 11, 12]",[2],535.27,53526.9,308,42.53,1.55,18.87,0.2522,15
R3_RR2.0_SL2.5_TE0_CD4_BH9_BD24,3,2.0,2.5,0,4,"[8, 10, 11, 12, 13]","[2, 4]",533.78,53378.26,272,43.01,1.53,17.94,0.2839,10
R3_RR2.0_SL1.5_TE360_CD2_BHnone_BDnone,3,2.0,1.5,360,2,all,[],532.39,53238.68,546,38.64,1.28,33.92,0.1577,19
R3_RR2.0_SL1.5_TE120_CD2_BH913_BD2,3,2.0,1.5,120,2,"[8, 10, 11, 12]",[2],521.1,52109.58,308,46.1,1.55,16.01,0.2439,13
R5_RR3.5_SL2.5_TE120_CD4_BHnone_BDnone,5,3.5,2.5,120,4,all,[],518.41,51840.82,526,45.44,1.21,37.03,0.1456,19
R3_RR3.0_SL2.5_TE360_CD4_BH9_BD24,3,3.0,2.5,360,4,"[8, 10, 11, 12, 13]","[2, 4]",510.9,51090.28,270,35.19,1.44,24.51,0.3106,11
R5_RR3.0_SL2.5_TE210_CD4_BH913_BD24,5,3.0,2.5,210,4,"[8, 10, 11, 12]","[2, 4]",510.01,51000.65,215,42.33,1.52,21.51,0.2655,10
R3_RR2.0_SL2.5_TE210_CD4_BHnone_BD2,3,2.0,2.5,210,4,all,[2],508.37,50837.32,427,43.33,1.38,20.88,0.1934,13
R3_RR2.0_SL1.5_TE0_CD4_BHnone_BD24,3,2.0,1.5,0,4,all,"[2, 4]",496.94,49693.6,327,41.28,1.48,21.83,0.2291,13
R3_RR3.5_SL1.5_TE120_CD0_BHnone_BDnone,3,3.5,1.5,120,0,all,[],493.92,49392.38,573,35.95,1.37,23.75,0.1759,26
R3_RR2.0_SL2.5_TE360_CD2_BHnone_BD24,3,2.0,2.5,360,2,all,"[2, 4]",483.6,48360.12,334,41.92,1.45,19.61,0.2331,11
R3_RR2.0_SL2.5_TE210_CD2_BH89_BDnone,3,2.0,2.5,210,2,"[10, 11, 12, 13]",[],473.96,47395.53,363,44.63,1.31,28.88,0.2063,10
R3_RR3.0_SL2.5_TE360_CD0_BH89_BD24,3,3.0,2.5,360,0,"[10, 11, 12, 13]","[2, 4]",471.45,47145.02,229,36.24,1.43,26.86,0.3389,13
R3_RR2.0_SL2.5_TE210_CD0_BHnone_BD2,3,2.0,2.5,210,0,all,[2],469.78,46978.48,481,42.41,1.3,26.11,0.1754,18
R3_RR3.0_SL2.5_TE120_CD4_BHnone_BD2,3,3.0,2.5,120,4,all,[2],461.8,46179.98,436,46.56,1.36,20.49,0.1851,14
R3_RR2.0_SL2.0_TE120_CD2_BH913_BD24,3,2.0,2.0,120,2,"[8, 10, 11, 12]","[2, 4]",451.11,45111.48,228,51.32,1.68,11.57,0.2943,10
R3_RR3.5_SL2.5_TE360_CD4_BH9_BD24,3,3.5,2.5,360,4,"[8, 10, 11, 12, 13]","[2, 4]",448.38,44838.48,270,32.96,1.46,24.5,0.3101,17
R3_RR2.0_SL2.0_TE120_CD4_BHnone_BDnone,3,2.0,2.0,120,4,all,[],448.35,44834.8,528,44.89,1.26,25.97,0.1507,21
R3_RR3.5_SL2.5_TE120_CD4_BH9_BDnone,3,3.5,2.5,120,4,"[8, 10, 11, 12, 13]",[],443.1,44309.99,442,48.19,1.34,25.1,0.1749,15
R3_RR3.0_SL2.5_TE360_CD4_BH89_BD24,3,3.0,2.5,360,4,"[10, 11, 12, 13]","[2, 4]",442.59,44259.24,212,36.79,1.43,24.53,0.3524,10
R3_RR2.5_SL1.5_TE120_CD2_BHnone_BD24,3,2.5,1.5,120,2,all,"[2, 4]",442.29,44229.16,339,42.18,1.47,22.02,0.2195,15
R3_RR2.0_SL2.0_TE120_CD2_BH89_BD24,3,2.0,2.0,120,2,"[10, 11, 12, 13]","[2, 4]",415.87,41587.1,225,52.0,1.45,25.55,0.2803,10
R3_RR3.5_SL2.5_TE210_CD2_BH9_BD24,3,3.5,2.5,210,2,"[8, 10, 11, 12, 13]","[2, 4]",410.01,41001.48,279,39.78,1.56,20.89,0.2716,12
R3_RR2.0_SL2.5_TE120_CD4_BH89_BD2,3,2.0,2.5,120,4,"[10, 11, 12, 13]",[2],407.92,40792.05,296,52.03,1.46,16.94,0.2207,8
R3_RR2.0_SL1.5_TE0_CD2_BHnone_BD2,3,2.0,1.5,0,2,all,[2],402.8,40280.21,458,38.86,1.32,26.71,0.1663,16
R5_RR3.5_SL2.5_TE0_CD2_BH9_BD24,5,3.5,2.5,0,2,"[8, 10, 11, 12, 13]","[2, 4]",373.23,37323.21,281,28.11,1.24,44.82,0.2652,18
R3_RR3.0_SL1.5_TE120_CD2_BHnone_BDnone,3,3.0,1.5,120,2,all,[],367.88,36787.81,548,36.86,1.32,26.81,0.1583,26
R3_RR2.5_SL2.5_TE360_CD2_BHnone_BD24,3,2.5,2.5,360,2,all,"[2, 4]",367.84,36784.27,334,35.93,1.37,21.44,0.2262,17
R7_RR3.5_SL2.5_TE360_CD0_BHnone_BD2,7,3.5,2.5,360,0,all,[2],365.46,36545.63,481,30.56,1.14,92.44,0.2462,20
R3_RR3.5_SL2.5_TE120_CD0_BH913_BD24,3,3.5,2.5,120,0,"[8, 10, 11, 12]","[2, 4]",355.48,35547.66,231,51.95,1.62,12.99,0.2653,9
R3_RR3.0_SL2.5_TE120_CD2_BH89_BD2,3,3.0,2.5,120,2,"[10, 11, 12, 13]",[2],329.41,32940.95,308,50.65,1.33,24.61,0.2012,9
R3_RR2.5_SL2.5_TE120_CD0_BH9_BDnone,3,2.5,2.5,120,0,"[8, 10, 11, 12, 13]",[],326.08,32607.53,470,47.66,1.27,24.61,0.1464,17
R3_RR3.0_SL2.5_TE360_CD4_BH913_BD24,3,3.0,2.5,360,4,"[8, 10, 11, 12]","[2, 4]",325.97,32596.94,215,35.81,1.42,31.63,0.3157,12
R5_RR3.0_SL2.5_TE120_CD4_BHnone_BDnone,5,3.0,2.5,120,4,all,[],313.32,31331.63,526,45.44,1.16,40.53,0.1286,19
R3_RR2.5_SL2.5_TE210_CD0_BHnone_BD24,3,2.5,2.5,210,0,all,"[2, 4]",299.59,29958.62,355,39.72,1.34,21.35,0.1961,13
R3_RR2.5_SL2.5_TE120_CD0_BH913_BD24,3,2.5,2.5,120,0,"[8, 10, 11, 12]","[2, 4]",299.16,29916.45,231,51.95,1.58,13.71,0.2443,9
R3_RR3.5_SL2.5_TE210_CD0_BH913_BD24,3,3.5,2.5,210,0,"[8, 10, 11, 12]","[2, 4]",298.65,29865.35,231,42.42,1.61,15.49,0.2735,12
R3_RR3.5_SL2.5_TE120_CD0_BH913_BDnone,3,3.5,2.5,120,0,"[8, 10, 11, 12]",[],290.99,29099.31,366,49.18,1.37,20.24,0.1681,14
R3_RR3.5_SL2.5_TE120_CD2_BHnone_BD24,3,3.5,2.5,120,2,all,"[2, 4]",285.56,28556.4,336,47.02,1.33,22.15,0.186,10
R3_RR3.0_SL2.5_TE120_CD4_BH913_BDnone,3,3.0,2.5,120,4,"[8, 10, 11, 12]",[],284.0,28400.3,345,49.57,1.4,17.49,0.1729,12
R3_RR2.5_SL1.5_TE120_CD0_BHnone_BDnone,3,2.5,1.5,120,0,all,[],271.34,27134.14,573,38.05,1.22,28.76,0.1305,26
R3_RR2.0_SL2.5_TE120_CD2_BH89_BDnone,3,2.0,2.5,120,2,"[10, 11, 12, 13]",[],270.42,27041.9,366,50.0,1.25,22.74,0.1554,10
R3_RR2.5_SL2.5_TE120_CD0_BH913_BDnone,3,2.5,2.5,120,0,"[8, 10, 11, 12]",[],270.15,27014.62,366,49.18,1.36,21.33,0.1613,14
R3_RR2.5_SL1.5_TE120_CD2_BHnone_BDnone,3,2.5,1.5,120,2,all,[],266.57,26656.96,548,38.32,1.24,28.82,0.1336,26
R3_RR2.5_SL2.5_TE120_CD0_BH89_BD24,3,2.5,2.5,120,0,"[10, 11, 12, 13]","[2, 4]",255.1,25509.97,229,53.28,1.4,23.7,0.2237,10
R3_RR2.0_SL2.5_TE120_CD0_BHnone_BD2,3,2.0,2.5,120,0,all,[2],251.34,25133.68,481,46.57,1.23,31.26,0.1318,18
R3_RR2.5_SL2.5_TE210_CD4_BH913_BD24,3,2.5,2.5,210,4,"[8, 10, 11, 12]","[2, 4]",245.52,24552.12,215,43.26,1.46,22.9,0.2542,10
R3_RR3.5_SL2.5_TE120_CD0_BH89_BD24,3,3.5,2.5,120,0,"[10, 11, 12, 13]","[2, 4]",245.34,24533.93,229,53.28,1.39,23.68,0.2202,10
R3_RR2.5_SL2.5_TE210_CD2_BHnone_BD24,3,2.5,2.5,210,2,all,"[2, 4]",223.56,22356.0,333,39.34,1.31,19.45,0.1808,12
R3_RR2.0_SL2.5_TE120_CD0_BHnone_BD24,3,2.0,2.5,120,0,all,"[2, 4]",186.06,18605.53,355,47.89,1.25,22.14,0.1418,13
R7_RR3.5_SL2.5_TE120_CD2_BHnone_BDnone,7,3.5,2.5,120,2,all,[],175.2,17519.74,548,44.71,1.07,56.03,0.1286,20
R7_RR3.5_SL1.5_TE120_CD0_BHnone_BDnone,7,3.5,1.5,120,0,all,[],154.99,15499.44,573,35.95,1.14,48.24,0.175,26
R3_RR2.5_SL2.5_TE120_CD0_BHnone_BDnone,3,2.5,2.5,120,0,all,[],123.87,12387.09,573,44.5,1.12,39.05,0.0939,24
R5_RR3.5_SL2.5_TE360_CD2_BHnone_BD24,5,3.5,2.5,360,2,all,"[2, 4]",42.83,4283.11,334,29.64,1.05,92.18,0.1644,19
R7_RR3.0_SL2.5_TE360_CD4_BHnone_BD24,7,3.0,2.5,360,4,all,"[2, 4]",37.99,3799.12,313,31.63,1.03,95.4,0.1761,17
R5_RR3.5_SL2.5_TE0_CD2_BHnone_BD24,5,3.5,2.5,0,2,all,"[2, 4]",-5.74,-574.3,334,25.45,0.99,91.83,0.1439,19
R7_RR3.5_SL2.5_TE0_CD4_BHnone_BD24,7,3.5,2.5,0,4,all,"[2, 4]",-60.63,-6062.64,313,25.56,0.94,97.96,0.1463,19
R7_RR3.5_SL2.5_TE0_CD0_BHnone_BD24,7,3.5,2.5,0,0,all,"[2, 4]",-82.06,-8206.34,355,25.35,0.89,98.68,0.1273,19
